,rn,iteration
0,"('R07456', 'forward')",1
1,"('R00217', 'reverse')",1
2,"('R00218', 'reverse')",1
3,"('R02886', 'reverse')",1
4,"('R01444', 'reverse')",1
5,"('R00669', 'reverse')",1
6,"('R00659', 'forward')",1
7,"('R01052', 'reverse')",1
8,"('R01898', 'reverse')",1
9,"('R00224', 'reverse')",1
10,"('R00909', 'forward')",1
11,"('R05046', 'reverse')",1
12,"('R01660', 'reverse')",1
13,"('R01761', 'reverse')",1
14,"('R00179', 'reverse')",1
15,"('R01821', 'reverse')",1
16,"('R00150', 'reverse')",1
17,"('R05339', 'forward')",1
18,"('R00180', 'forward')",1
19,"('R04277', 'reverse')",1
20,"('R08982', 'forward')",1
21,"('R00437', 'forward')",1
22,"('R01518', 'reverse')",1
23,"('R01283', 'reverse')",1
24,"('R01138', 'forward')",1
25,"('R05767', 'reverse')",1
26,"('R00966', 'forward')",1
27,"('R00802', 'reverse')",1
28,"('R01621', 'reverse')",1
29,"('R03034', 'reverse')",1
30,"('R02111', 'reverse')",1
31,"('R08570', 'reverse')",1
32,"('R02429', 'forward')",1
33,"('R05142', 'reverse')",1
34,"('R00891', 'forward')",1
35,"('R05646', 'forward')",1
36,"('R07674', 'forward')",1
37,"('R00658', 'forward')",1
38,"('R05166', 'reverse')",1
39,"('R01639', 'forward')",1
40,"('R04194', 'reverse')",1
41,"('R04286', 'reverse')",1
42,"('R04420', 'forward')",1
43,"('R00442', 'forward')",1
44,"('R02984', 'forward')",1
45,"('R00005', 'forward')",1
46,"('R00572', 'forward')",1
47,"('R00650', 'reverse')",1
48,"('R01229', 'forward')",1
49,"('R01512', 'forward')",1
50,"('R10622', 'reverse')",1
51,"('R08359', 'reverse')",1
52,"('R00376', 'reverse')",1
53,"('R03928', 'forward')",1
54,"('R01647', 'forward')",1
55,"('R09780', 'forward')",1
56,"('R01086', 'reverse')",1
57,"('R08615', 'reverse')",1
58,"('R10283', 'forward')",1
59,"('R00522', 'forward')",1
60,"('R02328', 'reverse')",1
61,"('R00028', 'reverse')",1
62,"('R00315', 'forward')",1
63,"('R01384', 'forward')",1
64,"('R07392', 'forward')",1
65,"('R06871', 'forward')",1
66,"('R09946', 'reverse')",1
67,"('R00461', 'reverse')",1
68,"('R09772', 'forward')",1
69,"('R02187', 'forward')",1
70,"('R02740', 'reverse')",1
71,"('R02866', 'reverse')",1
72,"('R00272', 'reverse')",1
73,"('R01103', 'forward')",1
74,"('R00458', 'reverse')",1
75,"('R02732', 'reverse')",1
76,"('R08200', 'forward')",1
77,"('R01576', 'forward')",1
78,"('R04781', 'reverse')",1
79,"('R01548', 'reverse')",1
80,"('R00724', 'reverse')",1
81,"('R01968', 'reverse')",1
82,"('R05608', 'forward')",1
83,"('R09081', 'reverse')",1
84,"('R01737', 'forward')",1
85,"('R03921', 'forward')",1
86,"('R02867', 'forward')",1
87,"('R08946', 'reverse')",1
88,"('R01881', 'reverse')",1
89,"('R01890', 'reverse')",1
90,"('R03238', 'reverse')",1
91,"('R01083', 'reverse')",1
92,"('R00651', 'forward')",1
93,"('R03459', 'forward')",1
94,"('R01484', 'forward')",1
95,"('R01092', 'reverse')",1
96,"('R01066', 'reverse')",1
97,"('R02926', 'forward')",1
98,"('R01056', 'reverse')",1
99,"('R02752', 'forward')",1
100,"('R01152', 'reverse')",1
101,"('R01645', 'forward')",1
102,"('R03350', 'reverse')",1
103,"('R10049', 'reverse')",1
104,"('R10345', 'reverse')",1
105,"('R01437', 'forward')",1
106,"('R09667', 'forward')",1
107,"('R01876', 'forward')",1
108,"('R00462', 'reverse')",1
109,"('R08548', 'reverse')",1
110,"('R00504', 'forward')",1
111,"('R01325', 'reverse')",1
112,"('R00772', 'reverse')",1
113,"('R01751', 'forward')",1
114,"('R02108', 'forward')",1
115,"('R03003', 'forward')",1
116,"('R02868', 'reverse')",1
117,"('R01966', 'reverse')",1
118,"('R10829', 'reverse')",1
119,"('R02334', 'reverse')",1
120,"('R00656', 'reverse')",1
121,"('R00008', 'reverse')",1
122,"('R10088', 'reverse')",1
123,"('R02568', 'reverse')",1
124,"('R01782', 'forward')",1
125,"('R03052', 'reverse')",1
126,"('R01634', 'forward')",1
127,"('R00837', 'reverse')",1
128,"('R09796', 'forward')",1
129,"('R00767', 'reverse')",1
130,"('R03118', 'forward')",1
131,"('R10348', 'reverse')",1
132,"('R00479', 'reverse')",1
133,"('R08503', 'reverse')",1
134,"('R01290', 'reverse')",1
135,"('R05645', 'reverse')",1
136,"('R00582', 'reverse')",1
137,"('R01641', 'reverse')",1
138,"('R08195', 'forward')",1
139,"('R01858', 'forward')",1
140,"('R01900', 'reverse')",1
141,"('R01016', 'forward')",1
142,"('R04482', 'forward')",1
143,"('R01818', 'forward')",1
144,"('R04620', 'reverse')",1
145,"('R00911', 'forward')",1
146,"('R00006', 'forward')",1
147,"('R03929', 'reverse')",1
148,"('R00874', 'forward')",1
149,"('R00963', 'forward')",1
150,"('R01880', 'forward')",1
151,"('R01874', 'reverse')",1
152,"('R08193', 'forward')",1
153,"('R09697', 'forward')",1
154,"('R00299', 'reverse')",1
155,"('R00488', 'forward')",1
156,"('R01059', 'forward')",1
157,"('R06513', 'forward')",1
158,"('R05141', 'reverse')",1
159,"('R03083', 'forward')",1
160,"('R01870', 'reverse')",1
161,"('R02749', 'reverse')",1
162,"('R02927', 'reverse')",1
163,"('R01466', 'forward')",1
164,"('R00324', 'forward')",1
165,"('R01393', 'reverse')",1
166,"('R00375', 'reverse')",1
167,"('R07256', 'reverse')",1
168,"('R02038', 'reverse')",1
169,"('R00955', 'forward')",1
170,"('R02782', 'reverse')",1
171,"('R01883', 'forward')",1
172,"('R01819', 'forward')",1
173,"('R05378', 'forward')",1
174,"('R02705', 'reverse')",1
175,"('R08515', 'forward')",1
176,"('R03116', 'forward')",1
177,"('R01267', 'forward')",1
178,"('R01530', 'reverse')",1
179,"('R00750', 'forward')",1
180,"('R03920', 'forward')",1
181,"('R06437', 'forward')",1
182,"('R00665', 'reverse')",1
183,"('R01445', 'reverse')",1
184,"('R00443', 'reverse')",1
185,"('R01468', 'forward')",1
186,"('R01902', 'reverse')",1
187,"('R00524', 'reverse')",1
188,"('R00123', 'reverse')",1
189,"('R00428', 'forward')",1
190,"('R04425', 'forward')",1
191,"('R06514', 'reverse')",1
192,"('R01207', 'forward')",1
193,"('R01051', 'forward')",1
194,"('R08616', 'forward')",1
195,"('R08617', 'reverse')",1
196,"('R00183', 'forward')",1
197,"('R10832', 'reverse')",1
198,"('R01785', 'reverse')",1
199,"('R00018', 'forward')",1
200,"('R04177', 'forward')",1
201,"('R02428', 'forward')",1
202,"('R01967', 'reverse')",1
203,"('R01447', 'forward')",1
204,"('R01440', 'reverse')",1
205,"('R05763', 'reverse')",1
206,"('R02601', 'forward')",1
207,"('R01441', 'forward')",1
208,"('R01327', 'reverse')",1
209,"('R02439', 'forward')",1
210,"('R00502', 'forward')",1
211,"('R00474', 'reverse')",1
212,"('R01473', 'reverse')",1
213,"('R02727', 'forward')",1
214,"('R03315', 'forward')",1
215,"('R00867', 'reverse')",1
216,"('R00897', 'reverse')",1
217,"('R09952', 'forward')",1
218,"('R02649', 'reverse')",1
219,"('R00756', 'reverse')",1
220,"('R05647', 'reverse')",1
221,"('R10838', 'reverse')",1
222,"('R00801', 'reverse')",1
223,"('R01288', 'forward')",1
224,"('R05518', 'reverse')",1
225,"('R03239', 'reverse')",1
226,"('R01381', 'forward')",1
227,"('R02089', 'forward')",1
228,"('R01200', 'reverse')",1
229,"('R07265', 'reverse')",1
230,"('R01577', 'forward')",1
231,"('R00753', 'reverse')",1
232,"('R04435', 'reverse')",1
233,"('R10463', 'reverse')",1
234,"('R01205', 'forward')",1
235,"('R00218', 'forward')",1
236,"('R02886', 'forward')",1
237,"('R01444', 'forward')",1
238,"('R00669', 'forward')",1
239,"('R02427', 'forward')",1
240,"('R00505', 'reverse')",1
241,"('R01827', 'reverse')",1
242,"('R01867', 'forward')",1
243,"('R01529', 'reverse')",1
244,"('R00348', 'reverse')",1
245,"('R02748', 'reverse')",1
246,"('R02575', 'reverse')",1
247,"('R01432', 'forward')",1
248,"('R10784', 'reverse')",1
249,"('R05329', 'forward')",1
250,"('R01518', 'forward')",1
251,"('R01228', 'reverse')",1
252,"('R00566', 'reverse')",1
253,"('R05048', 'reverse')",1
254,"('R00173', 'forward')",1
255,"('R10810', 'reverse')",1
256,"('R00962', 'forward')",1
257,"('R02372', 'reverse')",1
258,"('R08635', 'reverse')",1
259,"('R10619', 'forward')",1
260,"('R00574', 'reverse')",1
261,"('R01762', 'forward')",1
262,"('R08555', 'reverse')",1
263,"('R05338', 'forward')",1
264,"('R08570', 'forward')",1
265,"('R05764', 'forward')",1
266,"('R01961', 'reverse')",1
267,"('R07419', 'reverse')",1
268,"('R01201', 'reverse')",1
269,"('R02888', 'forward')",1
270,"('R05142', 'forward')",1
271,"('R01526', 'forward')",1
272,"('R01012', 'reverse')",1
273,"('R00185', 'reverse')",1
274,"('R00131', 'reverse')",1
275,"('R02120', 'reverse')",1
276,"('R09664', 'reverse')",1
277,"('R00839', 'reverse')",1
278,"('R00806', 'forward')",1
279,"('R07394', 'reverse')",1
280,"('R02485', 'reverse')",1
281,"('R00953', 'reverse')",1
282,"('R00726', 'forward')",1
283,"('R07395', 'reverse')",1
284,"('R00877', 'forward')",1
285,"('R00516', 'reverse')",1
286,"('R01549', 'forward')",1
287,"('R00480', 'forward')",1
288,"('R04194', 'forward')",1
289,"('R00292', 'forward')",1
290,"('R00769', 'reverse')",1
291,"('R02185', 'forward')",1
292,"('R08648', 'reverse')",1
293,"('R01919', 'reverse')",1
294,"('R01784', 'forward')",1
295,"('R00444', 'forward')",1
296,"('R04346', 'forward')",1
297,"('R00764', 'reverse')",1
298,"('R01011', 'forward')",1
299,"('R04168', 'forward')",1
300,"('R01433', 'reverse')",1
301,"('R00660', 'forward')",1
302,"('R02036', 'reverse')",1
303,"('R02328', 'forward')",1
304,"('R08991', 'forward')",1
305,"('R01471', 'reverse')",1
306,"('R09666', 'reverse')",1
307,"('R00174', 'reverse')",1
308,"('R00411', 'reverse')",1
309,"('R00132', 'reverse')",1
310,"('R02740', 'forward')",1
311,"('R00827', 'reverse')",1
312,"('R05071', 'forward')",1
313,"('R08196', 'reverse')",1
314,"('R05804', 'reverse')",1
315,"('R02866', 'forward')",1
316,"('R02189', 'reverse')",1
317,"('R10002', 'reverse')",1
318,"('R00272', 'forward')",1
319,"('R10266', 'forward')",1
320,"('R00770', 'reverse')",1
321,"('R02869', 'reverse')",1
322,"('R00878', 'reverse')",1
323,"('R02732', 'forward')",1
324,"('R08614', 'forward')",1
325,"('R01289', 'forward')",1
326,"('R00254', 'reverse')",1
327,"('R01548', 'forward')",1
328,"('R02817', 'reverse')",1
329,"('R00724', 'forward')",1
330,"('R01829', 'forward')",1
331,"('R08572', 'reverse')",1
332,"('R00409', 'forward')",1
333,"('R00430', 'forward')",1
334,"('R02719', 'forward')",1
335,"('R03131', 'forward')",1
336,"('R07307', 'reverse')",1
337,"('R01881', 'forward')",1
338,"('R01890', 'forward')",1
339,"('R01563', 'reverse')",1
340,"('R06869', 'forward')",1
341,"('R01092', 'forward')",1
342,"('R01395', 'reverse')",1
343,"('R08676', 'forward')",1
344,"('R10092', 'reverse')",1
345,"('R00075', 'reverse')",1
346,"('R10049', 'forward')",1
347,"('R02739', 'forward')",1
348,"('R00190', 'reverse')",1
349,"('R00649', 'forward')",1
350,"('R00888', 'reverse')",1
351,"('R00462', 'forward')",1
352,"('R03996', 'forward')",1
353,"('R08548', 'forward')",1
354,"('R01325', 'forward')",1
355,"('R03187', 'forward')",1
356,"('R01966', 'forward')",1
357,"('R00866', 'forward')",1
358,"('R10829', 'forward')",1
359,"('R08056', 'forward')",1
360,"('R00656', 'forward')",1
361,"('R00008', 'forward')",1
362,"('R02833', 'reverse')",1
363,"('R03052', 'forward')",1
364,"('R00999', 'forward')",1
365,"('R10285', 'forward')",1
366,"('R03275', 'forward')",1
367,"('R00670', 'reverse')",1
368,"('R02148', 'forward')",1
369,"('R01920', 'forward')",1
370,"('R03084', 'reverse')",1
371,"('R01067', 'reverse')",1
372,"('R00751', 'forward')",1
373,"('R00414', 'forward')",1
374,"('R01900', 'forward')",1
375,"('R05326', 'forward')",1
376,"('R01408', 'reverse')",1
377,"('R01805', 'forward')",1
378,"('R07629', 'forward')",1
379,"('R02087', 'reverse')",1
380,"('R10153', 'reverse')",1
381,"('R00299', 'forward')",1
382,"('R01826', 'forward')",1
383,"('R00177', 'reverse')",1
384,"('R05141', 'forward')",1
385,"('R09663', 'reverse')",1
386,"('R01050', 'reverse')",1
387,"('R08600', 'forward')",1
388,"('R01870', 'forward')",1
389,"('R10818', 'forward')",1
390,"('R04780', 'reverse')",1
391,"('R00320', 'reverse')",1
392,"('R02749', 'forward')",1
393,"('R02927', 'forward')",1
394,"('R03033', 'forward')",1
395,"('R00261', 'forward')",1
396,"('R05549', 'reverse')",1
397,"('R10691', 'forward')",1
398,"('R02421', 'reverse')",1
399,"('R10062', 'forward')",1
400,"('R00375', 'forward')",1
401,"('R02737', 'forward')",1
402,"('R07256', 'forward')",1
403,"('R09085', 'reverse')",1
404,"('R02887', 'reverse')",1
405,"('R08603', 'reverse')",1
406,"('R02604', 'reverse')",1
407,"('R08639', 'forward')",1
408,"('R01131', 'reverse')",1
409,"('R06171', 'reverse')",1
410,"('R00226', 'reverse')",1
411,"('R02370', 'reverse')",1
412,"('R03237', 'forward')",1
413,"('R00477', 'forward')",1
414,"('R09942', 'forward')",1
415,"('R01445', 'forward')",1
416,"('R00443', 'forward')",1
417,"('R00434', 'forward')",1
418,"('R00524', 'forward')",1
419,"('R02636', 'reverse')",1
420,"('R00123', 'forward')",1
421,"('R00425', 'forward')",1
422,"('R05140', 'reverse')",1
423,"('R08617', 'forward')",1
424,"('R04478', 'reverse')",1
425,"('R00026', 'forward')",1
426,"('R01980', 'reverse')",1
427,"('R05644', 'forward')",1
428,"('R01884', 'reverse')",1
429,"('R01754', 'forward')",1
430,"('R10832', 'forward')",1
431,"('R00584', 'reverse')",1
432,"('R00889', 'forward')",1
433,"('R01804', 'reverse')",1
434,"('R01788', 'forward')",1
435,"('R01139', 'forward')",1
436,"('R01967', 'forward')",1
437,"('R01227', 'forward')",1
438,"('R05805', 'reverse')",1
439,"('R01863', 'reverse')",1
440,"('R00489', 'reverse')",1
441,"('R02035', 'forward')",1
442,"('R02371', 'reverse')",1
443,"('R05563', 'reverse')",1
444,"('R01330', 'reverse')",1
445,"('R03537', 'reverse')",1
446,"('R00474', 'forward')",1
447,"('R05176', 'forward')",1
448,"('R08612', 'reverse')",1
449,"('R00867', 'forward')",1
450,"('R00897', 'forward')",1
451,"('R01830', 'forward')",1
452,"('R00269', 'reverse')",1
453,"('R03504', 'reverse')",1
454,"('R00756', 'forward')",1
455,"('R00801', 'forward')",1
456,"('R05518', 'forward')",1
457,"('R03239', 'forward')",1
458,"('R02714', 'forward')",1
459,"('R09668', 'reverse')",1
460,"('R02332', 'forward')",1
461,"('R07265', 'forward')",1
462,"('R00416', 'reverse')",1
463,"('R00181', 'forward')",1
464,"('R09532', 'forward')",1
465,"('R01982', 'reverse')",1
466,"('R10463', 'forward')",1
467,"('R00088', 'forward')",1
468,"('R00291', 'reverse')",1
469,"('R01523', 'reverse')",1
470,"('R03538', 'reverse')",1
471,"('R01827', 'forward')",1
472,"('R01561', 'forward')",1
473,"('R03375', 'reverse')",1
474,"('R00318', 'forward')",1
475,"('R01529', 'forward')",1
476,"('R00348', 'forward')",1
477,"('R05768', 'reverse')",1
478,"('R05138', 'forward')",1
479,"('R01555', 'reverse')",1
480,"('R02279', 'reverse')",1
481,"('R02426', 'reverse')",1
482,"('R02073', 'forward')",1
483,"('R10344', 'reverse')",1
484,"('R01823', 'forward')",1
485,"('R02139', 'forward')",1
486,"('R02754', 'reverse')",1
487,"('R00760', 'forward')",1
488,"('R00566', 'forward')",1
489,"('R09665', 'forward')",1
490,"('R01664', 'reverse')",1
491,"('R03115', 'forward')",1
492,"('R02091', 'forward')",1
493,"('R01993', 'reverse')",1
494,"('R00809', 'forward')",1
495,"('R08555', 'forward')",1
496,"('R00905', 'reverse')",1
497,"('R01961', 'forward')",1
498,"('R07419', 'forward')",1
499,"('R01201', 'forward')",1
500,"('R00957', 'reverse')",1
501,"('R06428', 'reverse')",1
502,"('R00178', 'forward')",1
503,"('R02325', 'reverse')",1
504,"('R02120', 'forward')",1
505,"('R02603', 'reverse')",1
506,"('R09664', 'forward')",1
507,"('R00839', 'forward')",1
508,"('R00012', 'reverse')",1
509,"('R01132', 'reverse')",1
510,"('R01560', 'forward')",1
511,"('R07394', 'forward')",1
512,"('R01600', 'forward')",1
513,"('R00340', 'forward')",1
514,"('R00763', 'reverse')",1
515,"('R00441', 'reverse')",1
516,"('R05797', 'forward')",1
517,"('R08648', 'forward')",1
518,"('R00725', 'reverse')",1
519,"('R09941', 'reverse')",1
520,"('R01919', 'forward')",1
521,"('R10817', 'reverse')",1
522,"('R01069', 'reverse')",1
523,"('R02360', 'forward')",1
524,"('R09186', 'reverse')",1
525,"('R10776', 'reverse')",1
526,"('R00321', 'reverse')",1
527,"('R10089', 'reverse')",1
528,"('R02036', 'forward')",1
529,"('R09531', 'reverse')",1
530,"('R09666', 'forward')",1
531,"('R00411', 'forward')",1
532,"('R02410', 'reverse')",1
533,"('R07264', 'forward')",1
534,"('R03217', 'forward')",1
535,"('R00956', 'reverse')",1
536,"('R03236', 'forward')",1
537,"('R02335', 'forward')",1
538,"('R01101', 'reverse')",1
539,"('R05804', 'forward')",1
540,"('R00748', 'forward')",1
541,"('R00015', 'forward')",1
542,"('R01562', 'reverse')",1
543,"('R05816', 'forward')",1
544,"('R01541', 'reverse')",1
545,"('R01100', 'forward')",1
546,"('R00965', 'reverse')",1
547,"('R03127', 'reverse')",1
548,"('R01026', 'forward')",1
549,"('R00254', 'forward')",1
550,"('R02102', 'forward')",1
551,"('R02948', 'forward')",1
552,"('R07306', 'forward')",1
553,"('R01877', 'reverse')",1
554,"('R02329', 'reverse')",1
555,"('R01476', 'reverse')",1
556,"('R07307', 'forward')",1
557,"('R01117', 'forward')",1
558,"('R05790', 'forward')",1
559,"('R01511', 'reverse')",1
560,"('R00967', 'reverse')",1
561,"('R00256', 'forward')",1
562,"('R02088', 'reverse')",1
563,"('R01395', 'forward')",1
564,"('R01983', 'reverse')",1
565,"('R02778', 'forward')",1
566,"('R09483', 'forward')",1
567,"('R10092', 'forward')",1
568,"('R00075', 'forward')",1
569,"('R00970', 'forward')",1
570,"('R03801', 'reverse')",1
571,"('R03077', 'forward')",1
572,"('R06979', 'forward')",1
573,"('R06973', 'forward')",1
574,"('R01482', 'reverse')",1
575,"('R03546', 'forward')",1
576,"('R00485', 'forward')",1
577,"('R02244', 'forward')",1
578,"('R09107', 'forward')",1
579,"('R01557', 'forward')",1
580,"('R01678', 'reverse')",1
581,"('R04053', 'forward')",1
582,"('R08967', 'reverse')",1
583,"('R01324', 'reverse')",1
584,"('R01021', 'reverse')",1
585,"('R09769', 'reverse')",1
586,"('R02278', 'reverse')",1
587,"('R02243', 'reverse')",1
588,"('R03351', 'reverse')",1
589,"('R00670', 'forward')",1
590,"('R00805', 'forward')",1
591,"('R00964', 'reverse')",1
592,"('R03852', 'reverse')",1
593,"('R00954', 'forward')",1
594,"('R04143', 'reverse')",1
595,"('R07300', 'reverse')",1
596,"('R01514', 'reverse')",1
597,"('R01969', 'forward')",1
598,"('R03321', 'forward')",1
599,"('R09770', 'reverse')",1
600,"('R01786', 'forward')",1
601,"('R05135', 'reverse')",1
602,"('R01408', 'forward')",1
603,"('R00470', 'reverse')",1
604,"('R07650', 'forward')",1
605,"('R00341', 'forward')",1
606,"('R00657', 'reverse')",1
607,"('R02060', 'reverse')",1
608,"('R10079', 'forward')",1
609,"('R01050', 'forward')",1
610,"('R04424', 'reverse')",1
611,"('R00438', 'reverse')",1
612,"('R00320', 'forward')",1
613,"('R00762', 'forward')",1
614,"('R01064', 'forward')",1
615,"('R09945', 'forward')",1
616,"('R01068', 'forward')",1
617,"('R03387', 'reverse')",1
618,"('R09085', 'forward')",1
619,"('R00350', 'forward')",1
620,"('R02604', 'forward')",1
621,"('R02142', 'forward')",1
622,"('R00513', 'reverse')",1
623,"('R01676', 'reverse')",1
624,"('R00141', 'forward')",1
625,"('R02890', 'reverse')",1
626,"('R04320', 'reverse')",1
627,"('R00200', 'forward')",1
628,"('R00378', 'forward')",1
629,"('R00517', 'reverse')",1
630,"('R01635', 'reverse')",1
631,"('R04531', 'forward')",1
632,"('R00293', 'forward')",1
633,"('R01015', 'reverse')",1
634,"('R00306', 'reverse')",1
635,"('R02636', 'forward')",1
636,"('R05140', 'forward')",1
637,"('R07479', 'reverse')",1
638,"('R10555', 'reverse')",1
639,"('R02059', 'forward')",1
640,"('R07261', 'reverse')",1
641,"('R04478', 'forward')",1
642,"('R07316', 'forward')",1
643,"('R02556', 'forward')",1
644,"('R00397', 'reverse')",1
645,"('R07917', 'reverse')",1
646,"('R00584', 'forward')",1
647,"('R00308', 'reverse')",1
648,"('R09959', 'reverse')",1
649,"('R00239', 'reverse')",1
650,"('R00554', 'reverse')",1
651,"('R01234', 'reverse')",1
652,"('R10010', 'reverse')",1
653,"('R05805', 'forward')",1
654,"('R03240', 'forward')",1
655,"('R03537', 'forward')",1
656,"('R09771', 'reverse')",1
657,"('R01126', 'reverse')",1
658,"('R02147', 'forward')",1
659,"('R00810', 'forward')",1
660,"('R02821', 'reverse')",1
661,"('R00269', 'forward')",1
662,"('R01072', 'forward')",1
663,"('R03504', 'forward')",1
664,"('R00380', 'reverse')",1
665,"('R01748', 'reverse')",1
666,"('R09084', 'reverse')",1
667,"('R09009', 'forward')",1
668,"('R00484', 'forward')",1
669,"('R00949', 'forward')",1
670,"('R10616', 'reverse')",1
671,"('R01287', 'forward')",1
672,"('R03802', 'forward')",1
673,"('R00766', 'reverse')",1
674,"('R00525', 'reverse')",1
675,"('R01070', 'forward')",1
676,"('R09374', 'forward')",1
677,"('R01516', 'reverse')",1
678,"('R02922', 'forward')",1
679,"('R04858', 'reverse')",1
680,"('R02750', 'forward')",1
681,"('R01483', 'reverse')",1
682,"('R03693', 'forward')",1
683,"('R01718', 'reverse')",1
684,"('R01555', 'forward')",1
685,"('R03635', 'forward')",1
686,"('R00089', 'reverse')",1
687,"('R01082', 'forward')",1
688,"('R03032', 'reverse')",1
689,"('R01081', 'forward')",1
690,"('R00289', 'forward')",1
691,"('R08632', 'forward')",1
692,"('R00327', 'forward')",1
693,"('R02602', 'reverse')",1
694,"('R02754', 'forward')",1
695,"('R01540', 'forward')",1
696,"('R04639', 'forward')",1
697,"('R03271', 'reverse')",1
698,"('R10342', 'reverse')",1
699,"('R01993', 'forward')",1
700,"('R02557', 'reverse')",1
701,"('R07393', 'reverse')",1
702,"('R09082', 'forward')",1
703,"('R00208', 'forward')",1
704,"('R00822', 'forward')",1
705,"('R02707', 'forward')",1
706,"('R09752', 'forward')",1
707,"('R01071', 'reverse')",1
708,"('R07243', 'forward')",1
709,"('R02296', 'reverse')",1
710,"('R00304', 'reverse')",1
711,"('R01611', 'reverse')",1
712,"('R01649', 'reverse')",1
713,"('R00012', 'forward')",1
714,"('R03260', 'forward')",1
715,"('R07282', 'reverse')",1
716,"('R01010', 'reverse')",1
717,"('R05806', 'forward')",1
718,"('R02145', 'reverse')",1
719,"('R02865', 'reverse')",1
720,"('R00763', 'forward')",1
721,"('R10837', 'reverse')",1
722,"('R05465', 'reverse')",1
723,"('R01905', 'forward')",1
724,"('R00307', 'forward')",1
725,"('R06870', 'reverse')",1
726,"('R09941', 'forward')",1
727,"('R00424', 'reverse')",1
728,"('R01127', 'reverse')",1
729,"('R00268', 'forward')",1
730,"('R00503', 'reverse')",1
731,"('R00511', 'reverse')",1
732,"('R00568', 'reverse')",1
733,"('R00024', 'forward')",1
734,"('R09717', 'reverse')",1
735,"('R04779', 'reverse')",1
736,"('R00771', 'reverse')",1
737,"('R00661', 'reverse')",1
738,"('R00947', 'forward')",1
739,"('R09531', 'forward')",1
740,"('R07244', 'reverse')",1
741,"('R05605', 'reverse')",1
742,"('R02410', 'forward')",1
743,"('R05636', 'reverse')",1
744,"('R00959', 'forward')",1
745,"('R02526', 'reverse')",1
746,"('R02320', 'reverse')",1
747,"('R00960', 'reverse')",1
748,"('R09943', 'forward')",1
749,"('R02730', 'reverse')",1
750,"('R00463', 'reverse')",1
751,"('R00337', 'reverse')",1
752,"('R01562', 'forward')",1
753,"('R01541', 'forward')",1
754,"('R00995', 'reverse')",1
755,"('R04343', 'forward')",1
756,"('R01519', 'forward')",1
757,"('R02284', 'forward')",1
758,"('R05796', 'forward')",1
759,"('R10050', 'reverse')",1
760,"('R01091', 'forward')",1
761,"('R02037', 'reverse')",1
762,"('R09718', 'reverse')",1
763,"('R01845', 'reverse')",1
764,"('R02097', 'reverse')",1
765,"('R10060', 'forward')",1
766,"('R01385', 'forward')",1
767,"('R05380', 'forward')",1
768,"('R10462', 'forward')",1
769,"('R10836', 'forward')",1
770,"('R01394', 'forward')",1
771,"('R02889', 'reverse')",1
772,"('R10486', 'reverse')",1
773,"('R02329', 'forward')",1
774,"('R02297', 'reverse')",1
775,"('R01620', 'reverse')",1
776,"('R09650', 'reverse')",1
777,"('R01286', 'reverse')",1
778,"('R00217', 'forward')",1
779,"('R00440', 'reverse')",1
780,"('R02751', 'reverse')",1
781,"('R09660', 'reverse')",1
782,"('R01504', 'reverse')",1
783,"('R00022', 'reverse')",1
784,"('R00967', 'forward')",1
785,"('R01052', 'forward')",1
786,"('R01811', 'reverse')",1
787,"('R01001', 'reverse')",1
788,"('R01898', 'forward')",1
789,"('R02088', 'forward')",1
790,"('R06789', 'reverse')",1
791,"('R00224', 'forward')",1
792,"('R01983', 'forward')",1
793,"('R05046', 'forward')",1
794,"('R01660', 'forward')",1
795,"('R01761', 'forward')",1
796,"('R00179', 'forward')",1
797,"('R00451', 'reverse')",1
798,"('R01821', 'forward')",1
799,"('R00377', 'reverse')",1
800,"('R03801', 'forward')",1
801,"('R00150', 'forward')",1
802,"('R07285', 'reverse')",1
803,"('R04277', 'forward')",1
804,"('R02664', 'reverse')",1
805,"('R01283', 'forward')",1
806,"('R05767', 'forward')",1
807,"('R02071', 'reverse')",1
808,"('R00802', 'forward')",1
809,"('R01621', 'forward')",1
810,"('R02327', 'reverse')",1
811,"('R03034', 'forward')",1
812,"('R02111', 'forward')",1
813,"('R01324', 'forward')",1
814,"('R00262', 'reverse')",1
815,"('R09769', 'forward')",1
816,"('R00039', 'reverse')",1
817,"('R00782', 'reverse')",1
818,"('R02728', 'reverse')",1
819,"('R03122', 'reverse')",1
820,"('R01014', 'reverse')",1
821,"('R03351', 'forward')",1
822,"('R02508', 'reverse')",1
823,"('R07300', 'forward')",1
824,"('R09801', 'reverse')",1
825,"('R05606', 'reverse')",1
826,"('R05166', 'forward')",1
827,"('R00838', 'reverse')",1
828,"('R04286', 'forward')",1
829,"('R00470', 'forward')",1
830,"('R01843', 'reverse')",1
831,"('R02484', 'reverse')",1
832,"('R00650', 'forward')",1
833,"('R10622', 'forward')",1
834,"('R08359', 'forward')",1
835,"('R01627', 'reverse')",1
836,"('R00376', 'forward')",1
837,"('R00435', 'reverse')",1
838,"('R01105', 'reverse')",1
839,"('R00657', 'forward')",1
840,"('R07281', 'reverse')",1
841,"('R01965', 'reverse')",1
842,"('R00654', 'reverse')",1
843,"('R05850', 'reverse')",1
844,"('R01086', 'forward')",1
845,"('R02060', 'forward')",1
846,"('R02109', 'reverse')",1
847,"('R08615', 'forward')",1
848,"('R01244', 'reverse')",1
849,"('R06531', 'reverse')",1
850,"('R00028', 'forward')",1
851,"('R07480', 'reverse')",1
852,"('R03387', 'forward')",1
853,"('R09800', 'reverse')",1
854,"('R03254', 'reverse')",1
855,"('R09946', 'forward')",1
856,"('R00461', 'forward')",1
857,"('R00367', 'reverse')",1
858,"('R01676', 'forward')",1
859,"('R01538', 'reverse')",1
860,"('R02890', 'forward')",1
861,"('R00458', 'forward')",1
862,"('R04320', 'forward')",1
863,"('R02110', 'reverse')",1
864,"('R00747', 'reverse')",1
865,"('R07678', 'reverse')",1
866,"('R08968', 'reverse')",1
867,"('R04781', 'forward')",1
868,"('R07479', 'forward')",1
869,"('R01968', 'forward')",1
870,"('R10338', 'reverse')",1
871,"('R09081', 'forward')",1
872,"('R03277', 'reverse')",1
873,"('R07261', 'forward')",1
874,"('R10183', 'reverse')",1
875,"('R00883', 'reverse')",1
876,"('R08946', 'forward')",1
877,"('R01987', 'reverse')",1
878,"('R09394', 'reverse')",1
879,"('R10305', 'reverse')",1
880,"('R00308', 'forward')",1
881,"('R03238', 'forward')",1
882,"('R01083', 'forward')",1
883,"('R00885', 'reverse')",1
884,"('R07125', 'reverse')",1
885,"('R04422', 'reverse')",1
886,"('R00554', 'forward')",1
887,"('R01066', 'forward')",1
888,"('R08601', 'reverse')",1
889,"('R01056', 'forward')",1
890,"('R01152', 'forward')",1
891,"('R00010', 'reverse')",1
892,"('R01234', 'forward')",1
893,"('R03350', 'forward')",1
894,"('R10345', 'forward')",1
895,"('R01878', 'reverse')",1
896,"('R01663', 'reverse')",1
897,"('R09771', 'forward')",1
898,"('R00836', 'reverse')",1
899,"('R00772', 'forward')",1
900,"('R00974', 'reverse')",1
901,"('R07456', 'reverse')",1
902,"('R02821', 'forward')",1
903,"('R02868', 'forward')",1
904,"('R07413', 'reverse')",1
905,"('R02334', 'forward')",1
906,"('R00191', 'reverse')",1
907,"('R10088', 'forward')",1
908,"('R00659', 'reverse')",1
909,"('R02568', 'forward')",1
910,"('R08947', 'reverse')",1
911,"('R00909', 'reverse')",1
912,"('R00837', 'forward')",1
913,"('R00778', 'reverse')",1
914,"('R00767', 'forward')",1
915,"('R10348', 'forward')",1
916,"('R00479', 'forward')",1
917,"('R03256', 'reverse')",1
918,"('R05339', 'reverse')",1
919,"('R10061', 'reverse')",1
920,"('R08503', 'forward')",1
921,"('R01290', 'forward')",1
922,"('R00766', 'forward')",1
923,"('R05645', 'forward')",1
924,"('R00582', 'forward')",1
925,"('R00180', 'reverse')",1
926,"('R08982', 'reverse')",1
927,"('R00437', 'reverse')",1
928,"('R01641', 'forward')",1
929,"('R08633', 'reverse')",1
930,"('R01138', 'reverse')",1
931,"('R04858', 'forward')",1
932,"('R00966', 'reverse')",1
933,"('R01483', 'forward')",1
934,"('R04620', 'forward')",1
935,"('R03929', 'forward')",1
936,"('R01718', 'forward')",1
937,"('R01874', 'forward')",1
938,"('R02429', 'reverse')",1
939,"('R00891', 'reverse')",1
940,"('R05646', 'reverse')",1
941,"('R01206', 'reverse')",1
942,"('R00658', 'reverse')",1
943,"('R01639', 'reverse')",1
944,"('R00013', 'reverse')",1
945,"('R01393', 'forward')",1
946,"('R00442', 'reverse')",1
947,"('R02038', 'forward')",1
948,"('R02782', 'forward')",1
949,"('R00005', 'reverse')",1
950,"('R01229', 'reverse')",1
951,"('R01156', 'reverse')",1
952,"('R01512', 'reverse')",1
953,"('R02282', 'reverse')",1
954,"('R01611', 'forward')",1
955,"('R02705', 'forward')",1
956,"('R01647', 'reverse')",1
957,"('R09780', 'reverse')",1
958,"('R01530', 'forward')",1
959,"('R01010', 'forward')",1
960,"('R00665', 'forward')",1
961,"('R02145', 'forward')",1
962,"('R00973', 'reverse')",1
963,"('R00522', 'reverse')",1
964,"('R00431', 'reverse')",1
965,"('R01902', 'forward')",1
966,"('R01402', 'reverse')",1
967,"('R00518', 'reverse')",1
968,"('R01384', 'reverse')",1
969,"('R06514', 'forward')",1
970,"('R09772', 'reverse')",1
971,"('R08057', 'reverse')",1
972,"('R01085', 'reverse')",1
973,"('R01785', 'forward')",1
974,"('R00661', 'forward')",1
975,"('R01057', 'reverse')",1
976,"('R01103', 'reverse')",1
977,"('R01440', 'forward')",1
978,"('R08200', 'reverse')",1
979,"('R07244', 'forward')",1
980,"('R05763', 'forward')",1
981,"('R01576', 'reverse')",1
982,"('R01327', 'forward')",1
983,"('R00439', 'reverse')",1
984,"('R05636', 'forward')",1
985,"('R02526', 'forward')",1
986,"('R02320', 'forward')",1
987,"('R01153', 'reverse')",1
988,"('R00463', 'forward')",1
989,"('R00337', 'forward')",1
990,"('R02168', 'reverse')",1
991,"('R01473', 'forward')",1
992,"('R05608', 'reverse')",1
993,"('R01737', 'reverse')",1
994,"('R03921', 'reverse')",1
995,"('R00995', 'forward')",1
996,"('R00761', 'reverse')",1
997,"('R02649', 'forward')",1
998,"('R09718', 'forward')",1
999,"('R03459', 'reverse')",1
1000,"('R00651', 'reverse')",1
1001,"('R02097', 'forward')",1
1002,"('R05647', 'forward')",1
1003,"('R10838', 'forward')",1
1004,"('R01484', 'reverse')",1
1005,"('R02926', 'reverse')",1
1006,"('R01517', 'reverse')",1
1007,"('R01645', 'reverse')",1
1008,"('R01200', 'forward')",1
1009,"('R02297', 'forward')",1
1010,"('R00339', 'reverse')",1
1011,"('R01620', 'forward')",1
1012,"('R01437', 'reverse')",1
1013,"('R02280', 'reverse')",1
1014,"('R09086', 'reverse')",1
1015,"('R00440', 'forward')",1
1016,"('R00753', 'forward')",1
1017,"('R04435', 'forward')",1
1018,"('R01876', 'reverse')",1
1019,"('R02751', 'forward')",1
1020,"('R00325', 'reverse')",1
1021,"('R00505', 'forward')",1
1022,"('R01751', 'reverse')",1
1023,"('R01811', 'forward')",1
1024,"('R02108', 'reverse')",1
1025,"('R09648', 'reverse')",1
1026,"('R01782', 'reverse')",1
1027,"('R02748', 'forward')",1
1028,"('R01634', 'reverse')",1
1029,"('R02575', 'forward')",1
1030,"('R10784', 'forward')",1
1031,"('R02522', 'reverse')",1
1032,"('R09796', 'reverse')",1
1033,"('R03118', 'reverse')",1
1034,"('R00526', 'reverse')",1
1035,"('R05661', 'reverse')",1
1036,"('R08575', 'reverse')",1
1037,"('R01228', 'forward')",1
1038,"('R05048', 'forward')",1
1039,"('R02327', 'forward')",1
1040,"('R10810', 'forward')",1
1041,"('R02372', 'forward')",1
1042,"('R08635', 'forward')",1
1043,"('R02096', 'reverse')",1
1044,"('R00574', 'forward')",1
1045,"('R04482', 'reverse')",1
1046,"('R01818', 'reverse')",1
1047,"('R00911', 'reverse')",1
1048,"('R00006', 'reverse')",1
1049,"('R03122', 'forward')",1
1050,"('R00478', 'reverse')",1
1051,"('R00874', 'reverse')",1
1052,"('R01012', 'forward')",1
1053,"('R00185', 'forward')",1
1054,"('R01880', 'reverse')",1
1055,"('R00131', 'forward')",1
1056,"('R08193', 'reverse')",1
1057,"('R09697', 'reverse')",1
1058,"('R02485', 'forward')",1
1059,"('R00953', 'forward')",1
1060,"('R05606', 'forward')",1
1061,"('R07395', 'forward')",1
1062,"('R00488', 'reverse')",1
1063,"('R00516', 'forward')",1
1064,"('R00838', 'forward')",1
1065,"('R01059', 'reverse')",1
1066,"('R06513', 'reverse')",1
1067,"('R02563', 'reverse')",1
1068,"('R00769', 'forward')",1
1069,"('R00324', 'reverse')",1
1070,"('R01627', 'forward')",1
1071,"('R01105', 'forward')",1
1072,"('R07672', 'reverse')",1
1073,"('R01965', 'forward')",1
1074,"('R00654', 'forward')",1
1075,"('R00764', 'forward')",1
1076,"('R05850', 'forward')",1
1077,"('R01771', 'reverse')",1
1078,"('R01883', 'reverse')",1
1079,"('R01819', 'reverse')",1
1080,"('R01433', 'forward')",1
1081,"('R01244', 'forward')",1
1082,"('R05378', 'reverse')",1
1083,"('R03116', 'reverse')",1
1084,"('R01267', 'reverse')",1
1085,"('R01471', 'forward')",1
1086,"('R03920', 'reverse')",1
1087,"('R10205', 'reverse')",1
1088,"('R00174', 'forward')",1
1089,"('R06437', 'reverse')",1
1090,"('R09800', 'forward')",1
1091,"('R01468', 'reverse')",1
1092,"('R00132', 'forward')",1
1093,"('R00428', 'reverse')",1
1094,"('R00827', 'forward')",1
1095,"('R08196', 'forward')",1
1096,"('R01207', 'reverse')",1
1097,"('R02189', 'forward')",1
1098,"('R10002', 'forward')",1
1099,"('R00770', 'forward')",1
1100,"('R02110', 'forward')",1
1101,"('R02869', 'forward')",1
1102,"('R00878', 'forward')",1
1103,"('R00747', 'forward')",1
1104,"('R08968', 'forward')",1
1105,"('R00018', 'reverse')",1
1106,"('R02817', 'forward')",1
1107,"('R01447', 'reverse')",1
1108,"('R00188', 'reverse')",1
1109,"('R01666', 'reverse')",1
1110,"('R08572', 'forward')",1
1111,"('R02439', 'reverse')",1
1112,"('R01824', 'reverse')",1
1113,"('R00502', 'reverse')",1
1114,"('R01563', 'forward')",1
1115,"('R02727', 'reverse')",1
1116,"('R03315', 'reverse')",1
1117,"('R07127', 'reverse')",1
1118,"('R07059', 'reverse')",1
1119,"('R00010', 'forward')",1
1120,"('R00190', 'forward')",1
1121,"('R01663', 'forward')",1
1122,"('R00251', 'reverse')",1
1123,"('R00888', 'forward')",1
1124,"('R00836', 'forward')",1
1125,"('R01577', 'reverse')",1
1126,"('R00974', 'forward')",1
1127,"('R01205', 'reverse')",1
1128,"('R07413', 'forward')",1
1129,"('R00191', 'forward')",1
1130,"('R02427', 'reverse')",1
1131,"('R01964', 'reverse')",1
1132,"('R02833', 'forward')",1
1133,"('R08947', 'forward')",1
1134,"('R01867', 'reverse')",1
1135,"('R00778', 'forward')",1
1136,"('R02269', 'reverse')",1
1137,"('R03256', 'forward')",1
1138,"('R02743', 'reverse')",1
1139,"('R03084', 'forward')",1
1140,"('R10061', 'forward')",1
1141,"('R01432', 'reverse')",1
1142,"('R05329', 'reverse')",1
1143,"('R08633', 'forward')",1
1144,"('R01067', 'forward')",1
1145,"('R00173', 'reverse')",1
1146,"('R00962', 'reverse')",1
1147,"('R00776', 'reverse')",1
1148,"('R10619', 'reverse')",1
1149,"('R03819', 'reverse')",1
1150,"('R01762', 'reverse')",1
1151,"('R05338', 'reverse')",1
1152,"('R05764', 'reverse')",1
1153,"('R01791', 'reverse')",1
1154,"('R01662', 'reverse')",1
1155,"('R02087', 'forward')",1
1156,"('R02888', 'reverse')",1
1157,"('R10153', 'forward')",1
1158,"('R00177', 'forward')",1
1159,"('R01526', 'reverse')",1
1160,"('R09663', 'forward')",1
1161,"('R00806', 'reverse')",1
1162,"('R01206', 'forward')",1
1163,"('R04780', 'forward')",1
1164,"('R00726', 'reverse')",1
1165,"('R00877', 'reverse')",1
1166,"('R00013', 'forward')",1
1167,"('R01549', 'reverse')",1
1168,"('R00480', 'reverse')",1
1169,"('R02321', 'reverse')",1
1170,"('R05549', 'forward')",1
1171,"('R00292', 'reverse')",1
1172,"('R02421', 'forward')",1
1173,"('R02185', 'reverse')",1
1174,"('R02887', 'forward')",1
1175,"('R08603', 'forward')",1
1176,"('R01156', 'forward')",1
1177,"('R08514', 'reverse')",1
1178,"('R01784', 'reverse')",1
1179,"('R01131', 'forward')",1
1180,"('R02282', 'forward')",1
1181,"('R06171', 'forward')",1
1182,"('R00444', 'reverse')",1
1183,"('R00226', 'forward')",1
1184,"('R02370', 'forward')",1
1185,"('R04346', 'reverse')",1
1186,"('R01011', 'reverse')",1
1187,"('R04168', 'reverse')",1
1188,"('R00973', 'forward')",1
1189,"('R00660', 'reverse')",1
1190,"('R00431', 'forward')",1
1191,"('R01602', 'reverse')",1
1192,"('R08991', 'reverse')",1
1193,"('R01402', 'forward')",1
1194,"('R00518', 'forward')",1
1195,"('R01980', 'forward')",1
1196,"('R00948', 'reverse')",1
1197,"('R01884', 'forward')",1
1198,"('R08057', 'forward')",1
1199,"('R05071', 'reverse')",1
1200,"('R01804', 'forward')",1
1201,"('R01085', 'forward')",1
1202,"('R10266', 'reverse')",1
1203,"('R01057', 'forward')",1
1204,"('R08614', 'reverse')",1
1205,"('R01863', 'forward')",1
1206,"('R00439', 'forward')",1
1207,"('R01289', 'reverse')",1
1208,"('R00489', 'forward')",1
1209,"('R02371', 'forward')",1
1210,"('R05563', 'forward')",1
1211,"('R01153', 'forward')",1
1212,"('R01330', 'forward')",1
1213,"('R01829', 'reverse')",1
1214,"('R02168', 'forward')",1
1215,"('R00409', 'reverse')",1
1216,"('R00430', 'reverse')",1
1217,"('R02719', 'reverse')",1
1218,"('R03131', 'reverse')",1
1219,"('R08612', 'forward')",1
1220,"('R00761', 'forward')",1
1221,"('R07274', 'reverse')",1
1222,"('R06869', 'reverse')",1
1223,"('R08676', 'reverse')",1
1224,"('R01517', 'forward')",1
1225,"('R00952', 'reverse')",1
1226,"('R03244', 'reverse')",1
1227,"('R09668', 'forward')",1
1228,"('R03634', 'reverse')",1
1229,"('R00339', 'forward')",1
1230,"('R00416', 'forward')",1
1231,"('R00653', 'reverse')",1
1232,"('R01140', 'reverse')",1
1233,"('R00821', 'reverse')",1
1234,"('R02280', 'forward')",1
1235,"('R02739', 'reverse')",1
1236,"('R09086', 'forward')",1
1237,"('R00649', 'reverse')",1
1238,"('R01982', 'forward')",1
1239,"('R03996', 'reverse')",1
1240,"('R00291', 'forward')",1
1241,"('R00325', 'forward')",1
1242,"('R01523', 'forward')",1
1243,"('R03187', 'reverse')",1
1244,"('R03538', 'forward')",1
1245,"('R03375', 'forward')",1
1246,"('R00866', 'reverse')",1
1247,"('R09648', 'forward')",1
1248,"('R08056', 'reverse')",1
1249,"('R05768', 'forward')",1
1250,"('R02279', 'forward')",1
1251,"('R02426', 'forward')",1
1252,"('R10344', 'forward')",1
1253,"('R00999', 'reverse')",1
1254,"('R06868', 'reverse')",1
1255,"('R10285', 'reverse')",1
1256,"('R02522', 'forward')",1
1257,"('R03275', 'reverse')",1
1258,"('R00526', 'forward')",1
1259,"('R05661', 'forward')",1
1260,"('R08575', 'forward')",1
1261,"('R02148', 'reverse')",1
1262,"('R01920', 'reverse')",1
1263,"('R01664', 'forward')",1
1264,"('R02096', 'forward')",1
1265,"('R00751', 'reverse')",1
1266,"('R00905', 'forward')",1
1267,"('R00414', 'reverse')",1
1268,"('R05326', 'reverse')",1
1269,"('R01805', 'reverse')",1
1270,"('R00478', 'forward')",1
1271,"('R00957', 'forward')",1
1272,"('R02121', 'reverse')",1
1273,"('R06428', 'forward')",1
1274,"('R01573', 'reverse')",1
1275,"('R01055', 'reverse')",1
1276,"('R02325', 'forward')",1
1277,"('R02603', 'forward')",1
1278,"('R07629', 'reverse')",1
1279,"('R01132', 'forward')",1
1280,"('R01826', 'reverse')",1
1281,"('R02731', 'reverse')",1
1282,"('R02099', 'reverse')",1
1283,"('R02563', 'forward')",1
1284,"('R08600', 'reverse')",1
1285,"('R10818', 'reverse')",1
1286,"('R00441', 'forward')",1
1287,"('R00418', 'reverse')",1
1288,"('R00725', 'forward')",1
1289,"('R03033', 'reverse')",1
1290,"('R00261', 'reverse')",1
1291,"('R07672', 'forward')",1
1292,"('R10691', 'reverse')",1
1293,"('R10062', 'reverse')",1
1294,"('R10817', 'forward')",1
1295,"('R01069', 'forward')",1
1296,"('R02737', 'reverse')",1
1297,"('R09186', 'forward')",1
1298,"('R08639', 'reverse')",1
1299,"('R01771', 'forward')",1
1300,"('R01810', 'reverse')",1
1301,"('R01329', 'reverse')",1
1302,"('R03524', 'reverse')",1
1303,"('R10776', 'forward')",1
1304,"('R00321', 'forward')",1
1305,"('R10809', 'reverse')",1
1306,"('R10089', 'forward')",1
1307,"('R10205', 'forward')",1
1308,"('R03237', 'reverse')",1
1309,"('R00477', 'reverse')",1
1310,"('R09942', 'reverse')",1
1311,"('R00434', 'reverse')",1
1312,"('R00956', 'forward')",1
1313,"('R00425', 'reverse')",1
1314,"('R01101', 'forward')",1
1315,"('R00026', 'reverse')",1
1316,"('R05644', 'reverse')",1
1317,"('R01754', 'reverse')",1
1318,"('R00965', 'forward')",1
1319,"('R00889', 'reverse')",1
1320,"('R03127', 'forward')",1
1321,"('R01788', 'reverse')",1
1322,"('R01139', 'reverse')",1
1323,"('R01227', 'reverse')",1
1324,"('R00188', 'forward')",1
1325,"('R01666', 'forward')",1
1326,"('R01877', 'forward')",1
1327,"('R02035', 'reverse')",1
1328,"('R01476', 'forward')",1
1329,"('R01824', 'forward')",1
1330,"('R00420', 'reverse')",1
1331,"('R00471', 'reverse')",1
1332,"('R01511', 'forward')",1
1333,"('R05176', 'reverse')",1
1334,"('R07127', 'forward')",1
1335,"('R01830', 'reverse')",1
1336,"('R07059', 'forward')",1
1337,"('R02112', 'reverse')",1
1338,"('R00968', 'reverse')",1
1339,"('R02714', 'reverse')",1
1340,"('R00251', 'forward')",1
1341,"('R02332', 'reverse')",1
1342,"('R00181', 'reverse')",1
1343,"('R01482', 'forward')",1
1344,"('R09532', 'reverse')",1
1345,"('R02089', 'reverse')",1
1346,"('R00088', 'reverse')",1
1347,"('R01678', 'forward')",1
1348,"('R00345', 'reverse')",1
1349,"('R01964', 'forward')",1
1350,"('R08967', 'forward')",1
1351,"('R01901', 'reverse')",1
1352,"('R01021', 'forward')",1
1353,"('R01561', 'reverse')",1
1354,"('R00338', 'reverse')",1
1355,"('R00318', 'reverse')",1
1356,"('R02278', 'forward')",1
1357,"('R02269', 'forward')",1
1358,"('R00362', 'reverse')",1
1359,"('R02243', 'forward')",1
1360,"('R05069', 'reverse')",1
1361,"('R05138', 'reverse')",1
1362,"('R00964', 'forward')",1
1363,"('R01844', 'reverse')",1
1364,"('R03852', 'forward')",1
1365,"('R02743', 'forward')",1
1366,"('R02073', 'reverse')",1
1367,"('R04143', 'forward')",1
1368,"('R01823', 'reverse')",1
1369,"('R02139', 'reverse')",1
1370,"('R01514', 'forward')",1
1371,"('R00760', 'reverse')",1
1372,"('R09665', 'reverse')",1
1373,"('R09770', 'forward')",1
1374,"('R03115', 'reverse')",1
1375,"('R05135', 'forward')",1
1376,"('R02091', 'reverse')",1
1377,"('R00126', 'reverse')",1
1378,"('R00776', 'forward')",1
1379,"('R03819', 'forward')",1
1380,"('R00809', 'reverse')",1
1381,"('R01791', 'forward')",1
1382,"('R01662', 'forward')",1
1383,"('R10525', 'reverse')",1
1384,"('R00469', 'reverse')",1
1385,"('R00193', 'reverse')",1
1386,"('R00178', 'reverse')",1
1387,"('R01560', 'reverse')",1
1388,"('R04424', 'forward')",1
1389,"('R00438', 'forward')",1
1390,"('R01600', 'reverse')",1
1391,"('R02321', 'forward')",1
1392,"('R00340', 'reverse')",1
1393,"('R06530', 'reverse')",1
1394,"('R05797', 'reverse')",1
1395,"('R08514', 'forward')",1
1396,"('R01417', 'reverse')",1
1397,"('R00513', 'forward')",1
1398,"('R02360', 'reverse')",1
1399,"('R00876', 'reverse')",1
1400,"('R00517', 'forward')",1
1401,"('R01635', 'forward')",1
1402,"('R01790', 'reverse')",1
1403,"('R01015', 'forward')",1
1404,"('R01602', 'forward')",1
1405,"('R02846', 'reverse')",1
1406,"('R00803', 'reverse')",1
1407,"('R00306', 'forward')",1
1408,"('R10555', 'forward')",1
1409,"('R07264', 'reverse')",1
1410,"('R03217', 'reverse')",1
1411,"('R00948', 'forward')",1
1412,"('R03236', 'reverse')",1
1413,"('R02335', 'reverse')",1
1414,"('R00397', 'forward')",1
1415,"('R07917', 'forward')",1
1416,"('R09959', 'forward')",1
1417,"('R00748', 'reverse')",1
1418,"('R00015', 'reverse')",1
1419,"('R00239', 'forward')",1
1420,"('R05816', 'reverse')",1
1421,"('R00303', 'reverse')",1
1422,"('R01100', 'reverse')",1
1423,"('R09768', 'reverse')",1
1424,"('R10010', 'forward')",1
1425,"('R01026', 'reverse')",1
1426,"('R01326', 'reverse')",1
1427,"('R00346', 'reverse')",1
1428,"('R02102', 'reverse')",1
1429,"('R02948', 'reverse')",1
1430,"('R07306', 'reverse')",1
1431,"('R01126', 'forward')",1
1432,"('R01117', 'reverse')",1
1433,"('R05790', 'reverse')",1
1434,"('R07274', 'forward')",1
1435,"('R00380', 'forward')",1
1436,"('R01748', 'forward')",1
1437,"('R00256', 'reverse')",1
1438,"('R09084', 'forward')",1
1439,"('R02778', 'reverse')",1
1440,"('R09483', 'reverse')",1
1441,"('R00952', 'forward')",1
1442,"('R03244', 'forward')",1
1443,"('R03634', 'forward')",1
1444,"('R00653', 'forward')",1
1445,"('R00970', 'reverse')",1
1446,"('R01140', 'forward')",1
1447,"('R03077', 'reverse')",1
1448,"('R00821', 'forward')",1
1449,"('R10616', 'forward')",1
1450,"('R06979', 'reverse')",1
1451,"('R00525', 'forward')",1
1452,"('R06973', 'reverse')",1
1453,"('R03546', 'reverse')",1
1454,"('R00485', 'reverse')",1
1455,"('R01516', 'forward')",1
1456,"('R02244', 'reverse')",1
1457,"('R09107', 'reverse')",1
1458,"('R01557', 'reverse')",1
1459,"('R04053', 'reverse')",1
1460,"('R00089', 'forward')",1
1461,"('R06868', 'forward')",1
1462,"('R03032', 'forward')",1
1463,"('R00805', 'reverse')",1
1464,"('R02602', 'forward')",1
1465,"('R00954', 'reverse')",1
1466,"('R03271', 'forward')",1
1467,"('R10342', 'forward')",1
1468,"('R07674', 'reverse')",1
1469,"('R02557', 'forward')",1
1470,"('R07393', 'forward')",1
1471,"('R01969', 'reverse')",1
1472,"('R03321', 'reverse')",1
1473,"('R01786', 'reverse')",1
1474,"('R01071', 'forward')",1
1475,"('R04420', 'reverse')",1
1476,"('R02984', 'reverse')",1
1477,"('R00341', 'reverse')",1
1478,"('R07650', 'reverse')",1
1479,"('R02121', 'forward')",1
1480,"('R00572', 'reverse')",1
1481,"('R01573', 'forward')",1
1482,"('R02296', 'forward')",1
1483,"('R00304', 'forward')",1
1484,"('R01055', 'forward')",1
1485,"('R01649', 'forward')",1
1486,"('R03928', 'reverse')",1
1487,"('R02731', 'forward')",1
1488,"('R07282', 'forward')",1
1489,"('R02099', 'forward')",1
1490,"('R10079', 'reverse')",1
1491,"('R02865', 'forward')",1
1492,"('R10837', 'forward')",1
1493,"('R10283', 'reverse')",1
1494,"('R05465', 'forward')",1
1495,"('R00418', 'forward')",1
1496,"('R06870', 'forward')",1
1497,"('R00424', 'forward')",1
1498,"('R00315', 'reverse')",1
1499,"('R00762', 'reverse')",1
1500,"('R01064', 'reverse')",1
1501,"('R01127', 'forward')",1
1502,"('R09945', 'reverse')",1
1503,"('R00503', 'forward')",1
1504,"('R01068', 'reverse')",1
1505,"('R07392', 'reverse')",1
1506,"('R00511', 'forward')",1
1507,"('R00350', 'reverse')",1
1508,"('R00568', 'forward')",1
1509,"('R06871', 'reverse')",1
1510,"('R02142', 'reverse')",1
1511,"('R09717', 'forward')",1
1512,"('R01810', 'forward')",1
1513,"('R02187', 'reverse')",1
1514,"('R01329', 'forward')",1
1515,"('R03524', 'forward')",1
1516,"('R04779', 'forward')",1
1517,"('R00771', 'forward')",1
1518,"('R00141', 'reverse')",1
1519,"('R10809', 'forward')",1
1520,"('R00200', 'reverse')",1
1521,"('R00378', 'reverse')",1
1522,"('R05605', 'forward')",1
1523,"('R04531', 'reverse')",1
1524,"('R00293', 'reverse')",1
1525,"('R00960', 'forward')",1
1526,"('R02730', 'forward')",1
1527,"('R02059', 'reverse')",1
1528,"('R07316', 'reverse')",1
1529,"('R02556', 'reverse')",1
1530,"('R02867', 'reverse')",1
1531,"('R10050', 'forward')",1
1532,"('R02037', 'forward')",1
1533,"('R01845', 'forward')",1
1534,"('R02752', 'reverse')",1
1535,"('R02889', 'forward')",1
1536,"('R10486', 'forward')",1
1537,"('R09650', 'forward')",1
1538,"('R03240', 'reverse')",1
1539,"('R01286', 'forward')",1
1540,"('R09667', 'reverse')",1
1541,"('R02147', 'reverse')",1
1542,"('R00420', 'forward')",1
1543,"('R09660', 'forward')",1
1544,"('R00810', 'reverse')",1
1545,"('R00504', 'reverse')",1
1546,"('R00471', 'forward')",1
1547,"('R01504', 'forward')",1
1548,"('R00022', 'forward')",1
1549,"('R01001', 'forward')",1
1550,"('R03003', 'reverse')",1
1551,"('R06789', 'forward')",1
1552,"('R01072', 'reverse')",1
1553,"('R00451', 'forward')",1
1554,"('R02112', 'forward')",1
1555,"('R00377', 'forward')",1
1556,"('R00968', 'forward')",1
1557,"('R07285', 'forward')",1
1558,"('R09009', 'reverse')",1
1559,"('R00484', 'reverse')",1
1560,"('R00949', 'reverse')",1
1561,"('R02664', 'forward')",1
1562,"('R01287', 'reverse')",1
1563,"('R02071', 'forward')",1
1564,"('R03802', 'reverse')",1
1565,"('R01070', 'reverse')",1
1566,"('R00345', 'forward')",1
1567,"('R08195', 'reverse')",1
1568,"('R01858', 'reverse')",1
1569,"('R01901', 'forward')",1
1570,"('R09374', 'reverse')",1
1571,"('R00262', 'forward')",1
1572,"('R02922', 'reverse')",1
1573,"('R00338', 'forward')",1
1574,"('R01016', 'reverse')",1
1575,"('R02750', 'reverse')",1
1576,"('R00039', 'forward')",1
1577,"('R00782', 'forward')",1
1578,"('R02728', 'forward')",1
1579,"('R03693', 'reverse')",1
1580,"('R01014', 'forward')",1
1581,"('R00362', 'forward')",1
1582,"('R05069', 'forward')",1
1583,"('R02508', 'forward')",1
1584,"('R01844', 'forward')",1
1585,"('R03635', 'reverse')",1
1586,"('R00963', 'reverse')",1
1587,"('R01082', 'reverse')",1
1588,"('R09801', 'forward')",1
1589,"('R01081', 'reverse')",1
1590,"('R00289', 'reverse')",1
1591,"('R08632', 'reverse')",1
1592,"('R00327', 'reverse')",1
1593,"('R03083', 'reverse')",1
1594,"('R01540', 'reverse')",1
1595,"('R04639', 'reverse')",1
1596,"('R00126', 'forward')",1
1597,"('R01843', 'forward')",1
1598,"('R02484', 'forward')",1
1599,"('R01466', 'reverse')",1
1600,"('R09082', 'reverse')",1
1601,"('R00208', 'reverse')",1
1602,"('R00822', 'reverse')",1
1603,"('R00435', 'forward')",1
1604,"('R02707', 'reverse')",1
1605,"('R07281', 'forward')",1
1606,"('R09752', 'reverse')",1
1607,"('R10525', 'forward')",1
1608,"('R07243', 'reverse')",1
1609,"('R00955', 'reverse')",1
1610,"('R00469', 'forward')",1
1611,"('R00193', 'forward')",1
1612,"('R02109', 'forward')",1
1613,"('R08515', 'reverse')",1
1614,"('R03260', 'reverse')",1
1615,"('R06531', 'forward')",1
1616,"('R00750', 'reverse')",1
1617,"('R05806', 'reverse')",1
1618,"('R07480', 'forward')",1
1619,"('R06530', 'forward')",1
1620,"('R03254', 'forward')",1
1621,"('R01905', 'reverse')",1
1622,"('R00307', 'reverse')",1
1623,"('R01417', 'forward')",1
1624,"('R00367', 'forward')",1
1625,"('R00268', 'reverse')",1
1626,"('R04425', 'reverse')",1
1627,"('R01538', 'forward')",1
1628,"('R01051', 'reverse')",1
1629,"('R08616', 'reverse')",1
1630,"('R00024', 'reverse')",1
1631,"('R00876', 'forward')",1
1632,"('R00183', 'reverse')",1
1633,"('R07678', 'forward')",1
1634,"('R01790', 'forward')",1
1635,"('R00947', 'reverse')",1
1636,"('R04177', 'reverse')",1
1637,"('R02846', 'forward')",1
1638,"('R02428', 'reverse')",1
1639,"('R00803', 'forward')",1
1640,"('R02601', 'reverse')",1
1641,"('R01441', 'reverse')",1
1642,"('R10338', 'forward')",1
1643,"('R00959', 'reverse')",1
1644,"('R03277', 'forward')",1
1645,"('R10183', 'forward')",1
1646,"('R00883', 'forward')",1
1647,"('R01987', 'forward')",1
1648,"('R09394', 'forward')",1
1649,"('R10305', 'forward')",1
1650,"('R09943', 'reverse')",1
1651,"('R00885', 'forward')",1
1652,"('R07125', 'forward')",1
1653,"('R04422', 'forward')",1
1654,"('R04343', 'reverse')",1
1655,"('R01519', 'reverse')",1
1656,"('R00303', 'forward')",1
1657,"('R08601', 'forward')",1
1658,"('R02284', 'reverse')",1
1659,"('R09952', 'reverse')",1
1660,"('R05796', 'reverse')",1
1661,"('R01091', 'reverse')",1
1662,"('R10060', 'reverse')",1
1663,"('R09768', 'forward')",1
1664,"('R01288', 'reverse')",1
1665,"('R01326', 'forward')",1
1666,"('R00346', 'forward')",1
1667,"('R01385', 'reverse')",1
1668,"('R05380', 'reverse')",1
1669,"('R10462', 'reverse')",1
1670,"('R10836', 'reverse')",1
1671,"('R01394', 'reverse')",1
1672,"('R01878', 'forward')",1
1673,"('R01381', 'reverse')",1
1674,"('R04591', 'forward')",2
1675,"('R07641', 'reverse')",2
1676,"('R03471', 'reverse')",2
1677,"('R03696', 'forward')",2
1678,"('R04383', 'reverse')",2
1679,"('R03393', 'forward')",2
1680,"('R03457', 'reverse')",2
1681,"('R00578', 'reverse')",2
1682,"('R03372', 'forward')",2
1683,"('R00213', 'forward')",2
1684,"('R09978', 'reverse')",2
1685,"('R02319', 'reverse')",2
1686,"('R10135', 'reverse')",2
1687,"('R00969', 'forward')",2
1688,"('R10687', 'forward')",2
1689,"('R04382', 'reverse')",2
1690,"('R01185', 'forward')",2
1691,"('R00158', 'forward')",2
1692,"('R02805', 'reverse')",2
1693,"('R04559', 'forward')",2
1694,"('R00573', 'reverse')",2
1695,"('R01113', 'forward')",2
1696,"('R09683', 'forward')",2
1697,"('R01544', 'forward')",2
1698,"('R10408', 'reverse')",2
1699,"('R00436', 'reverse')",2
1700,"('R10442', 'forward')",2
1701,"('R03429', 'forward')",2
1702,"('R00221', 'forward')",2
1703,"('R10846', 'reverse')",2
1704,"('R01857', 'forward')",2
1705,"('R02092', 'reverse')",2
1706,"('R01569', 'reverse')",2
1707,"('R10773', 'reverse')",2
1708,"('R06982', 'reverse')",2
1709,"('R00330', 'forward')",2
1710,"('R07324', 'forward')",2
1711,"('R01665', 'forward')",2
1712,"('R03935', 'forward')",2
1713,"('R00514', 'reverse')",2
1714,"('R07343', 'forward')",2
1715,"('R00087', 'reverse')",2
1716,"('R05800', 'reverse')",2
1717,"('R09670', 'forward')",2
1718,"('R04372', 'reverse')",2
1719,"('R01567', 'forward')",2
1720,"('R00429', 'forward')",2
1721,"('R07405', 'reverse')",2
1722,"('R00426', 'forward')",2
1723,"('R01187', 'reverse')",2
1724,"('R00149', 'forward')",2
1725,"('R00331', 'reverse')",2
1726,"('R03868', 'forward')",2
1727,"('R04509', 'forward')",2
1728,"('R02095', 'reverse')",2
1729,"('R00912', 'forward')",2
1730,"('R03394', 'forward')",2
1731,"('R00723', 'reverse')",2
1732,"('R02677', 'forward')",2
1733,"('R00125', 'forward')",2
1734,"('R02326', 'reverse')",2
1735,"('R01190', 'reverse')",2
1736,"('R05799', 'forward')",2
1737,"('R07341', 'forward')",2
1738,"('R00328', 'forward')",2
1739,"('R08694', 'forward')",2
1740,"('R00086', 'forward')",2
1741,"('R00497', 'reverse')",2
1742,"('R04591', 'reverse')",2
1743,"('R00602', 'reverse')",2
1744,"('R05781', 'reverse')",2
1745,"('R01570', 'forward')",2
1746,"('R01292', 'reverse')",2
1747,"('R03540', 'forward')",2
1748,"('R03696', 'reverse')",2
1749,"('R01885', 'reverse')",2
1750,"('R09881', 'forward')",2
1751,"('R03372', 'reverse')",2
1752,"('R01053', 'forward')",2
1753,"('R00961', 'reverse')",2
1754,"('R10847', 'forward')",2
1755,"('R01054', 'forward')",2
1756,"('R00569', 'forward')",2
1757,"('R04035', 'forward')",2
1758,"('R00490', 'forward')",2
1759,"('R10687', 'reverse')",2
1760,"('R01703', 'forward')",2
1761,"('R01185', 'reverse')",2
1762,"('R01186', 'reverse')",2
1763,"('R00127', 'forward')",2
1764,"('R00287', 'reverse')",2
1765,"('R09087', 'reverse')",2
1766,"('R04559', 'reverse')",2
1767,"('R01113', 'reverse')",2
1768,"('R09683', 'reverse')",2
1769,"('R10443', 'forward')",2
1770,"('R00575', 'reverse')",2
1771,"('R01544', 'reverse')",2
1772,"('R03503', 'forward')",2
1773,"('R03259', 'reverse')",2
1774,"('R00195', 'reverse')",2
1775,"('R02094', 'reverse')",2
1776,"('R07584', 'forward')",2
1777,"('R04640', 'reverse')",2
1778,"('R00571', 'reverse')",2
1779,"('R03429', 'reverse')",2
1780,"('R00156', 'forward')",2
1781,"('R00221', 'reverse')",2
1782,"('R05202', 'forward')",2
1783,"('R01135', 'forward')",2
1784,"('R05758', 'reverse')",2
1785,"('R00722', 'forward')",2
1786,"('R00330', 'reverse')",2
1787,"('R01665', 'reverse')",2
1788,"('R09879', 'reverse')",2
1789,"('R02720', 'reverse')",2
1790,"('R09904', 'forward')",2
1791,"('R01109', 'forward')",2
1792,"('R09880', 'forward')",2
1793,"('R07343', 'reverse')",2
1794,"('R04558', 'forward')",2
1795,"('R03478', 'forward')",2
1796,"('R10065', 'forward')",2
1797,"('R02411', 'forward')",2
1798,"('R01567', 'reverse')",2
1799,"('R00429', 'reverse')",2
1800,"('R09634', 'forward')",2
1801,"('R00426', 'reverse')",2
1802,"('R00149', 'reverse')",2
1803,"('R08964', 'forward')",2
1804,"('R01954', 'forward')",2
1805,"('R03868', 'reverse')",2
1806,"('R05304', 'reverse')",2
1807,"('R02677', 'reverse')",2
1808,"('R05779', 'forward')",2
1809,"('R00125', 'reverse')",2
1810,"('R01918', 'forward')",2
1811,"('R10693', 'forward')",2
1812,"('R07341', 'reverse')",2
1813,"('R00086', 'reverse')",2
1814,"('R02330', 'forward')",2
1815,"('R10548', 'forward')",2
1816,"('R01231', 'reverse')",2
1817,"('R00910', 'reverse')",2
1818,"('R03472', 'forward')",2
1819,"('R01570', 'reverse')",2
1820,"('R04037', 'forward')",2
1821,"('R01053', 'reverse')",2
1822,"('R10847', 'reverse')",2
1823,"('R00569', 'reverse')",2
1824,"('R03330', 'forward')",2
1825,"('R01087', 'forward')",2
1826,"('R00996', 'forward')",2
1827,"('R07644', 'forward')",2
1828,"('R00317', 'forward')",2
1829,"('R01703', 'reverse')",2
1830,"('R00127', 'reverse')",2
1831,"('R02408', 'forward')",2
1832,"('R02361', 'forward')",2
1833,"('R01144', 'forward')",2
1834,"('R10443', 'reverse')",2
1835,"('R03371', 'forward')",2
1836,"('R00335', 'forward')",2
1837,"('R03433', 'forward')",2
1838,"('R07584', 'reverse')",2
1839,"('R10705', 'forward')",2
1840,"('R00720', 'forward')",2
1841,"('R02100', 'forward')",2
1842,"('R01135', 'reverse')",2
1843,"('R01568', 'forward')",2
1844,"('R03409', 'forward')",2
1845,"('R01188', 'forward')",2
1846,"('R00722', 'reverse')",2
1847,"('R01411', 'forward')",2
1848,"('R00951', 'forward')",2
1849,"('R09904', 'reverse')",2
1850,"('R09680', 'forward')",2
1851,"('R00322', 'forward')",2
1852,"('R03478', 'reverse')",2
1853,"('R10065', 'reverse')",2
1854,"('R00223', 'forward')",2
1855,"('R00590', 'forward')",2
1856,"('R09669', 'forward')",2
1857,"('R02411', 'reverse')",2
1858,"('R06424', 'reverse')",2
1859,"('R09634', 'reverse')",2
1860,"('R00159', 'reverse')",2
1861,"('R03428', 'reverse')",2
1862,"('R01532', 'forward')",2
1863,"('R00749', 'forward')",2
1864,"('R00334', 'forward')",2
1865,"('R05779', 'reverse')",2
1866,"('R01918', 'reverse')",2
1867,"('R00004', 'forward')",2
1868,"('R02330', 'reverse')",2
1869,"('R10548', 'reverse')",2
1870,"('R00662', 'reverse')",2
1871,"('R06975', 'reverse')",2
1872,"('R02934', 'reverse')",2
1873,"('R00085', 'forward')",2
1874,"('R02853', 'forward')",2
1875,"('R01049', 'forward')",2
1876,"('R10688', 'forward')",2
1877,"('R00187', 'forward')",2
1878,"('R00124', 'reverse')",2
1879,"('R00515', 'forward')",2
1880,"('R02530', 'forward')",2
1881,"('R00363', 'forward')",2
1882,"('R07404', 'forward')",2
1883,"('R00329', 'forward')",2
1884,"('R03298', 'forward')",2
1885,"('R00570', 'forward')",2
1886,"('R00184', 'reverse')",2
1887,"('R02090', 'forward')",2
1888,"('R00155', 'forward')",2
1889,"('R00774', 'forward')",2
1890,"('R00274', 'forward')",2
1891,"('R03330', 'reverse')",2
1892,"('R01667', 'forward')",2
1893,"('R00996', 'reverse')",2
1894,"('R07644', 'reverse')",2
1895,"('R02184', 'forward')",2
1896,"('R10678', 'forward')",2
1897,"('R02361', 'reverse')",2
1898,"('R03258', 'forward')",2
1899,"('R01144', 'reverse')",2
1900,"('R03422', 'forward')",2
1901,"('R03393', 'reverse')",2
1902,"('R10679', 'forward')",2
1903,"('R03371', 'reverse')",2
1904,"('R00213', 'reverse')",2
1905,"('R03434', 'forward')",2
1906,"('R00335', 'reverse')",2
1907,"('R03427', 'forward')",2
1908,"('R01194', 'forward')",2
1909,"('R01515', 'forward')",2
1910,"('R01189', 'forward')",2
1911,"('R04209', 'forward')",2
1912,"('R03423', 'forward')",2
1913,"('R04378', 'forward')",2
1914,"('R00512', 'forward')",2
1915,"('R00969', 'reverse')",2
1916,"('R00720', 'reverse')",2
1917,"('R00128', 'forward')",2
1918,"('R00158', 'reverse')",2
1919,"('R01568', 'reverse')",2
1920,"('R00157', 'forward')",2
1921,"('R03409', 'reverse')",2
1922,"('R00671', 'forward')",2
1923,"('R03479', 'forward')",2
1924,"('R01411', 'reverse')",2
1925,"('R10775', 'forward')",2
1926,"('R00951', 'reverse')",2
1927,"('R00483', 'forward')",2
1928,"('R10442', 'reverse')",2
1929,"('R00322', 'reverse')",2
1930,"('R03966', 'forward')",2
1931,"('R00223', 'reverse')",2
1932,"('R01857', 'reverse')",2
1933,"('R10277', 'forward')",2
1934,"('R10774', 'forward')",2
1935,"('R01192', 'forward')",2
1936,"('R07839', 'forward')",2
1937,"('R07324', 'reverse')",2
1938,"('R03935', 'reverse')",2
1939,"('R00004', 'reverse')",2
1940,"('R04144', 'forward')",2
1941,"('R00894', 'forward')",2
1942,"('R02853', 'reverse')",2
1943,"('R01049', 'reverse')",2
1944,"('R09670', 'reverse')",2
1945,"('R00187', 'reverse')",2
1946,"('R01668', 'forward')",2
1947,"('R00515', 'reverse')",2
1948,"('R02530', 'reverse')",2
1949,"('R00363', 'reverse')",2
1950,"('R03298', 'reverse')",2
1951,"('R00329', 'reverse')",2
1952,"('R04509', 'reverse')",2
1953,"('R03394', 'reverse')",2
1954,"('R00570', 'reverse')",2
1955,"('R00912', 'reverse')",2
1956,"('R00774', 'reverse')",2
1957,"('R00274', 'reverse')",2
1958,"('R03970', 'forward')",2
1959,"('R05799', 'reverse')",2
1960,"('R08694', 'reverse')",2
1961,"('R00328', 'reverse')",2
1962,"('R02805', 'forward')",2
1963,"('R09126', 'forward')",2
1964,"('R00881', 'forward')",2
1965,"('R10678', 'reverse')",2
1966,"('R03540', 'reverse')",2
1967,"('R03258', 'reverse')",2
1968,"('R01232', 'forward')",2
1969,"('R03422', 'reverse')",2
1970,"('R01571', 'forward')",2
1971,"('R09538', 'forward')",2
1972,"('R10679', 'reverse')",2
1973,"('R09881', 'reverse')",2
1974,"('R00332', 'forward')",2
1975,"('R03427', 'reverse')",2
1976,"('R01194', 'reverse')",2
1977,"('R02092', 'forward')",2
1978,"('R01054', 'reverse')",2
1979,"('R01515', 'reverse')",2
1980,"('R02419', 'forward')",2
1981,"('R04209', 'reverse')",2
1982,"('R01569', 'forward')",2
1983,"('R01137', 'forward')",2
1984,"('R04035', 'reverse')",2
1985,"('R00490', 'reverse')",2
1986,"('R00128', 'reverse')",2
1987,"('R00514', 'forward')",2
1988,"('R02331', 'forward')",2
1989,"('R05801', 'forward')",2
1990,"('R00671', 'reverse')",2
1991,"('R02806', 'forward')",2
1992,"('R01547', 'forward')",2
1993,"('R10775', 'reverse')",2
1994,"('R04372', 'forward')",2
1995,"('R06836', 'forward')",2
1996,"('R03503', 'reverse')",2
1997,"('R07405', 'forward')",2
1998,"('R03418', 'forward')",2
1999,"('R00331', 'forward')",2
2000,"('R02095', 'forward')",2
2001,"('R00156', 'reverse')",2
2002,"('R03966', 'reverse')",2
2003,"('R10277', 'reverse')",2
2004,"('R10774', 'reverse')",2
2005,"('R00333', 'forward')",2
2006,"('R01190', 'forward')",2
2007,"('R05202', 'reverse')",2
2008,"('R07279', 'forward')",2
2009,"('R00497', 'forward')",2
2010,"('R07839', 'reverse')",2
2011,"('R00602', 'forward')",2
2012,"('R05781', 'forward')",2
2013,"('R01109', 'reverse')",2
2014,"('R04144', 'reverse')",2
2015,"('R09880', 'reverse')",2
2016,"('R01292', 'forward')",2
2017,"('R01230', 'forward')",2
2018,"('R04558', 'reverse')",2
2019,"('R00894', 'reverse')",2
2020,"('R01885', 'forward')",2
2021,"('R01668', 'reverse')",2
2022,"('R00961', 'forward')",2
2023,"('R08964', 'reverse')",2
2024,"('R01954', 'reverse')",2
2025,"('R01736', 'forward')",2
2026,"('R10693', 'reverse')",2
2027,"('R03970', 'reverse')",2
2028,"('R01186', 'forward')",2
2029,"('R00287', 'forward')",2
2030,"('R09087', 'forward')",2
2031,"('R09126', 'reverse')",2
2032,"('R07583', 'forward')",2
2033,"('R00881', 'reverse')",2
2034,"('R00347', 'forward')",2
2035,"('R00575', 'forward')",2
2036,"('R03472', 'reverse')",2
2037,"('R00195', 'forward')",2
2038,"('R03259', 'forward')",2
2039,"('R02094', 'forward')",2
2040,"('R01232', 'reverse')",2
2041,"('R04640', 'forward')",2
2042,"('R00571', 'forward')",2
2043,"('R04037', 'reverse')",2
2044,"('R01571', 'reverse')",2
2045,"('R09538', 'reverse')",2
2046,"('R02741', 'forward')",2
2047,"('R03430', 'forward')",2
2048,"('R00332', 'reverse')",2
2049,"('R02098', 'forward')",2
2050,"('R00138', 'forward')",2
2051,"('R04638', 'forward')",2
2052,"('R05758', 'forward')",2
2053,"('R02419', 'reverse')",2
2054,"('R01087', 'reverse')",2
2055,"('R01137', 'reverse')",2
2056,"('R00317', 'reverse')",2
2057,"('R09879', 'forward')",2
2058,"('R02720', 'forward')",2
2059,"('R00499', 'forward')",2
2060,"('R02408', 'reverse')",2
2061,"('R02331', 'reverse')",2
2062,"('R05801', 'reverse')",2
2063,"('R01547', 'reverse')",2
2064,"('R02806', 'reverse')",2
2065,"('R03333', 'forward')",2
2066,"('R06836', 'reverse')",2
2067,"('R03433', 'reverse')",2
2068,"('R03418', 'reverse')",2
2069,"('R02504', 'forward')",2
2070,"('R10705', 'reverse')",2
2071,"('R05304', 'forward')",2
2072,"('R00122', 'forward')",2
2073,"('R02100', 'reverse')",2
2074,"('R00333', 'reverse')",2
2075,"('R07279', 'reverse')",2
2076,"('R02093', 'forward')",2
2077,"('R01188', 'reverse')",2
2078,"('R02188', 'forward')",2
2079,"('R00719', 'forward')",2
2080,"('R01231', 'forward')",2
2081,"('R00910', 'forward')",2
2082,"('R09882', 'forward')",2
2083,"('R01230', 'reverse')",2
2084,"('R09680', 'reverse')",2
2085,"('R00590', 'reverse')",2
2086,"('R09669', 'reverse')",2
2087,"('R00527', 'forward')",2
2088,"('R00220', 'forward')",2
2089,"('R07641', 'forward')",2
2090,"('R01532', 'reverse')",2
2091,"('R00749', 'reverse')",2
2092,"('R00334', 'reverse')",2
2093,"('R01736', 'reverse')",2
2094,"('R03471', 'forward')",2
2095,"('R04383', 'forward')",2
2096,"('R00085', 'reverse')",2
2097,"('R07583', 'reverse')",2
2098,"('R00347', 'reverse')",2
2099,"('R10688', 'reverse')",2
2100,"('R03457', 'forward')",2
2101,"('R00578', 'forward')",2
2102,"('R09978', 'forward')",2
2103,"('R02319', 'forward')",2
2104,"('R07404', 'reverse')",2
2105,"('R10135', 'forward')",2
2106,"('R02090', 'reverse')",2
2107,"('R02741', 'reverse')",2
2108,"('R03430', 'reverse')",2
2109,"('R00155', 'reverse')",2
2110,"('R02098', 'reverse')",2
2111,"('R00138', 'reverse')",2
2112,"('R04638', 'reverse')",2
2113,"('R04382', 'forward')",2
2114,"('R01667', 'reverse')",2
2115,"('R00573', 'forward')",2
2116,"('R02184', 'reverse')",2
2117,"('R10408', 'forward')",2
2118,"('R00499', 'reverse')",2
2119,"('R00436', 'forward')",2
2120,"('R03333', 'reverse')",2
2121,"('R10846', 'forward')",2
2122,"('R03434', 'reverse')",2
2123,"('R06424', 'forward')",2
2124,"('R00159', 'forward')",2
2125,"('R01189', 'reverse')",2
2126,"('R02504', 'reverse')",2
2127,"('R10773', 'forward')",2
2128,"('R06982', 'forward')",2
2129,"('R00122', 'reverse')",2
2130,"('R03423', 'reverse')",2
2131,"('R03428', 'forward')",2
2132,"('R00512', 'reverse')",2
2133,"('R04378', 'reverse')",2
2134,"('R00157', 'reverse')",2
2135,"('R02093', 'reverse')",2
2136,"('R00662', 'forward')",2
2137,"('R06975', 'forward')",2
2138,"('R02934', 'forward')",2
2139,"('R03479', 'reverse')",2
2140,"('R02188', 'reverse')",2
2141,"('R00087', 'forward')",2
2142,"('R00719', 'reverse')",2
2143,"('R05800', 'forward')",2
2144,"('R09882', 'reverse')",2
2145,"('R00124', 'forward')",2
2146,"('R00483', 'reverse')",2
2147,"('R01187', 'forward')",2
2148,"('R00723', 'forward')",2
2149,"('R00184', 'forward')",2
2150,"('R02326', 'forward')",2
2151,"('R00527', 'reverse')",2
2152,"('R01192', 'reverse')",2
2153,"('R00220', 'reverse')",2
2154,"('R01401', 'reverse')",3
2155,"('R01209', 'reverse')",3
2156,"('R02773', 'forward')",3
2157,"('R10064', 'forward')",3
2158,"('R04532', 'forward')",3
2159,"('R01770', 'reverse')",3
2160,"('R00355', 'reverse')",3
2161,"('R01291', 'reverse')",3
2162,"('R05839', 'forward')",3
2163,"('R00768', 'reverse')",3
2164,"('R01467', 'forward')",3
2165,"('R01677', 'forward')",3
2166,"('R00896', 'reverse')",3
2167,"('R00576', 'reverse')",3
2168,"('R02781', 'forward')",3
2169,"('R10096', 'forward')",3
2170,"('R07613', 'reverse')",3
2171,"('R04174', 'reverse')",3
2172,"('R08891', 'forward')",3
2173,"('R01882', 'forward')",3
2174,"('R01149', 'reverse')",3
2175,"('R03378', 'forward')",3
2176,"('R00672', 'reverse')",3
2177,"('R00373', 'forward')",3
2178,"('R09825', 'reverse')",3
2179,"('R07408', 'forward')",3
2180,"('R01713', 'forward')",3
2181,"('R04441', 'reverse')",3
2182,"('R04529', 'reverse')",3
2183,"('R01150', 'reverse')",3
2184,"('R09821', 'reverse')",3
2185,"('R01245', 'forward')",3
2186,"('R10270', 'reverse')",3
2187,"('R07396', 'forward')",3
2188,"('R00153', 'reverse')",3
2189,"('R00258', 'reverse')",3
2190,"('R00907', 'forward')",3
2191,"('R03013', 'forward')",3
2192,"('R10178', 'reverse')",3
2193,"('R00997', 'forward')",3
2194,"('R01080', 'forward')",3
2195,"('R09595', 'forward')",3
2196,"('R01214', 'reverse')",3
2197,"('R02852', 'forward')",3
2198,"('R00588', 'forward')",3
2199,"('R04475', 'forward')",3
2200,"('R02733', 'reverse')",3
2201,"('R09824', 'forward')",3
2202,"('R01580', 'forward')",3
2203,"('R03887', 'reverse')",3
2204,"('R02137', 'reverse')",3
2205,"('R05053', 'reverse')",3
2206,"('R00401', 'forward')",3
2207,"('R03053', 'forward')",3
2208,"('R01401', 'forward')",3
2209,"('R01255', 'reverse')",3
2210,"('R00510', 'reverse')",3
2211,"('R00067', 'reverse')",3
2212,"('R01209', 'forward')",3
2213,"('R02293', 'reverse')",3
2214,"('R07921', 'reverse')",3
2215,"('R00491', 'forward')",3
2216,"('R00579', 'reverse')",3
2217,"('R00355', 'forward')",3
2218,"('R01291', 'forward')",3
2219,"('R01770', 'forward')",3
2220,"('R00655', 'forward')",3
2221,"('R01648', 'reverse')",3
2222,"('R10469', 'forward')",3
2223,"('R00896', 'forward')",3
2224,"('R01148', 'reverse')",3
2225,"('R02493', 'reverse')",3
2226,"('R06439', 'forward')",3
2227,"('R00400', 'forward')",3
2228,"('R00369', 'reverse')",3
2229,"('R00372', 'reverse')",3
2230,"('R04029', 'forward')",3
2231,"('R02494', 'reverse')",3
2232,"('R01149', 'forward')",3
2233,"('R02802', 'reverse')",3
2234,"('R00668', 'reverse')",3
2235,"('R09825', 'forward')",3
2236,"('R04529', 'forward')",3
2237,"('R01652', 'reverse')",3
2238,"('R01150', 'forward')",3
2239,"('R00895', 'forward')",3
2240,"('R03243', 'forward')",3
2241,"('R00457', 'reverse')",3
2242,"('R02199', 'reverse')",3
2243,"('R09939', 'reverse')",3
2244,"('R03384', 'reverse')",3
2245,"('R00194', 'forward')",3
2246,"('R06977', 'forward')",3
2247,"('R07651', 'forward')",3
2248,"('R00153', 'forward')",3
2249,"('R01886', 'forward')",3
2250,"('R02735', 'forward')",3
2251,"('R01216', 'reverse')",3
2252,"('R01583', 'forward')",3
2253,"('R08890', 'reverse')",3
2254,"('R05070', 'forward')",3
2255,"('R09993', 'reverse')",3
2256,"('R00585', 'reverse')",3
2257,"('R02283', 'forward')",3
2258,"('R10460', 'forward')",3
2259,"('R01579', 'forward')",3
2260,"('R08714', 'reverse')",3
2261,"('R03887', 'forward')",3
2262,"('R00908', 'reverse')",3
2263,"('R07919', 'reverse')",3
2264,"('R02734', 'reverse')",3
2265,"('R00567', 'reverse')",3
2266,"('R07943', 'forward')",3
2267,"('R07918', 'forward')",3
2268,"('R05052', 'reverse')",3
2269,"('R00510', 'forward')",3
2270,"('R02293', 'forward')",3
2271,"('R00067', 'forward')",3
2272,"('R02143', 'reverse')",3
2273,"('R08895', 'reverse')",3
2274,"('R00453', 'reverse')",3
2275,"('R00579', 'forward')",3
2276,"('R01712', 'reverse')",3
2277,"('R01215', 'reverse')",3
2278,"('R00903', 'forward')",3
2279,"('R04173', 'reverse')",3
2280,"('R04152', 'reverse')",3
2281,"('R00369', 'forward')",3
2282,"('R04736', 'reverse')",3
2283,"('R02494', 'forward')",3
2284,"('R00667', 'forward')",3
2285,"('R03266', 'reverse')",3
2286,"('R10179', 'reverse')",3
2287,"('R08894', 'reverse')",3
2288,"('R01266', 'reverse')",3
2289,"('R04247', 'reverse')",3
2290,"('R00457', 'forward')",3
2291,"('R01128', 'forward')",3
2292,"('R02461', 'reverse')",3
2293,"('R09939', 'forward')",3
2294,"('R03384', 'forward')",3
2295,"('R00765', 'reverse')",3
2296,"('R04438', 'forward')",3
2297,"('R00768', 'forward')",3
2298,"('R04782', 'reverse')",3
2299,"('R07920', 'reverse')",3
2300,"('R08890', 'forward')",3
2301,"('R06423', 'reverse')",3
2302,"('R00576', 'forward')",3
2303,"('R03421', 'reverse')",3
2304,"('R00460', 'reverse')",3
2305,"('R09993', 'forward')",3
2306,"('R07613', 'forward')",3
2307,"('R08714', 'forward')",3
2308,"('R07945', 'reverse')",3
2309,"('R01090', 'reverse')",3
2310,"('R04174', 'forward')",3
2311,"('R00652', 'reverse')",3
2312,"('R00672', 'forward')",3
2313,"('R02734', 'forward')",3
2314,"('R07919', 'forward')",3
2315,"('R00908', 'forward')",3
2316,"('R09821', 'forward')",3
2317,"('R04441', 'forward')",3
2318,"('R05052', 'forward')",3
2319,"('R00260', 'reverse')",3
2320,"('R08568', 'reverse')",3
2321,"('R10270', 'forward')",3
2322,"('R03001', 'reverse')",3
2323,"('R00258', 'forward')",3
2324,"('R08895', 'forward')",3
2325,"('R03894', 'reverse')",3
2326,"('R10178', 'forward')",3
2327,"('R00182', 'reverse')",3
2328,"('R01712', 'forward')",3
2329,"('R01214', 'forward')",3
2330,"('R00494', 'reverse')",3
2331,"('R01215', 'forward')",3
2332,"('R08197', 'reverse')",3
2333,"('R10630', 'reverse')",3
2334,"('R10064', 'reverse')",3
2335,"('R02733', 'forward')",3
2336,"('R03266', 'forward')",3
2337,"('R01467', 'reverse')",3
2338,"('R02137', 'forward')",3
2339,"('R01677', 'reverse')",3
2340,"('R04247', 'forward')",3
2341,"('R05053', 'forward')",3
2342,"('R02781', 'reverse')",3
2343,"('R01255', 'forward')",3
2344,"('R08891', 'reverse')",3
2345,"('R07277', 'reverse')",3
2346,"('R00373', 'reverse')",3
2347,"('R07408', 'reverse')",3
2348,"('R07921', 'forward')",3
2349,"('R08893', 'reverse')",3
2350,"('R07940', 'reverse')",3
2351,"('R01713', 'reverse')",3
2352,"('R03378', 'reverse')",3
2353,"('R04782', 'forward')",3
2354,"('R01245', 'reverse')",3
2355,"('R07920', 'forward')",3
2356,"('R01648', 'forward')",3
2357,"('R01148', 'forward')",3
2358,"('R03421', 'forward')",3
2359,"('R07396', 'reverse')",3
2360,"('R02493', 'forward')",3
2361,"('R00907', 'reverse')",3
2362,"('R00997', 'reverse')",3
2363,"('R00400', 'reverse')",3
2364,"('R00372', 'forward')",3
2365,"('R00668', 'forward')",3
2366,"('R01080', 'reverse')",3
2367,"('R09595', 'reverse')",3
2368,"('R02802', 'forward')",3
2369,"('R02852', 'reverse')",3
2370,"('R04475', 'reverse')",3
2371,"('R01652', 'forward')",3
2372,"('R09824', 'reverse')",3
2373,"('R01580', 'reverse')",3
2374,"('R00260', 'forward')",3
2375,"('R02199', 'forward')",3
2376,"('R03001', 'forward')",3
2377,"('R10147', 'reverse')",3
2378,"('R03894', 'forward')",3
2379,"('R00401', 'reverse')",3
2380,"('R03053', 'reverse')",3
2381,"('R01216', 'forward')",3
2382,"('R00494', 'forward')",3
2383,"('R08197', 'forward')",3
2384,"('R00491', 'reverse')",3
2385,"('R00585', 'forward')",3
2386,"('R10630', 'forward')",3
2387,"('R00655', 'reverse')",3
2388,"('R02200', 'reverse')",3
2389,"('R10469', 'reverse')",3
2390,"('R00589', 'reverse')",3
2391,"('R01155', 'reverse')",3
2392,"('R00567', 'forward')",3
2393,"('R06439', 'reverse')",3
2394,"('R03178', 'reverse')",3
2395,"('R04029', 'reverse')",3
2396,"('R07940', 'forward')",3
2397,"('R02143', 'forward')",3
2398,"('R07277', 'forward')",3
2399,"('R00453', 'forward')",3
2400,"('R08893', 'forward')",3
2401,"('R10673', 'reverse')",3
2402,"('R03243', 'reverse')",3
2403,"('R04438', 'reverse')",3
2404,"('R00895', 'reverse')",3
2405,"('R02773', 'reverse')",3
2406,"('R06977', 'reverse')",3
2407,"('R00194', 'reverse')",3
2408,"('R04173', 'forward')",3
2409,"('R01886', 'reverse')",3
2410,"('R02735', 'reverse')",3
2411,"('R04152', 'forward')",3
2412,"('R07651', 'reverse')",3
2413,"('R04736', 'forward')",3
2414,"('R04532', 'reverse')",3
2415,"('R05839', 'reverse')",3
2416,"('R01266', 'forward')",3
2417,"('R10179', 'forward')",3
2418,"('R01583', 'reverse')",3
2419,"('R05070', 'reverse')",3
2420,"('R08894', 'forward')",3
2421,"('R02461', 'forward')",3
2422,"('R02283', 'reverse')",3
2423,"('R01882', 'reverse')",3
2424,"('R10460', 'reverse')",3
2425,"('R01579', 'reverse')",3
2426,"('R10096', 'reverse')",3
2427,"('R00765', 'forward')",3
2428,"('R10147', 'forward')",3
2429,"('R07918', 'reverse')",3
2430,"('R07943', 'reverse')",3
2431,"('R06423', 'forward')",3
2432,"('R00460', 'forward')",3
2433,"('R03013', 'reverse')",3
2434,"('R07945', 'forward')",3
2435,"('R01090', 'forward')",3
2436,"('R00652', 'forward')",3
2437,"('R02200', 'forward')",3
2438,"('R00589', 'forward')",3
2439,"('R00903', 'reverse')",3
2440,"('R01155', 'forward')",3
2441,"('R00588', 'reverse')",3
2442,"('R03178', 'forward')",3
2443,"('R08568', 'forward')",3
2444,"('R00667', 'reverse')",3
2445,"('R00182', 'forward')",3
2446,"('R10673', 'forward')",3
2447,"('R01128', 'reverse')",3
2448,"('R01027', 'forward')",4
2449,"('R05774', 'reverse')",4
2450,"('R04463', 'forward')",4
2451,"('R01240', 'reverse')",4
2452,"('R03553', 'forward')",4
2453,"('R02409', 'reverse')",4
2454,"('R00901', 'reverse')",4
2455,"('R07633', 'forward')",4
2456,"('R07476', 'reverse')",4
2457,"('R01618', 'reverse')",4
2458,"('R05789', 'reverse')",4
2459,"('R00529', 'reverse')",4
2460,"('R00532', 'reverse')",4
2461,"('R07634', 'forward')",4
2462,"('R05789', 'forward')",4
2463,"('R01027', 'reverse')",4
2464,"('R04463', 'reverse')",4
2465,"('R07342', 'forward')",4
2466,"('R05651', 'reverse')",4
2467,"('R01931', 'forward')",4
2468,"('R05717', 'forward')",4
2469,"('R01875', 'forward')",4
2470,"('R07633', 'reverse')",4
2471,"('R02996', 'forward')",4
2472,"('R03105', 'forward')",4
2473,"('R03553', 'reverse')",4
2474,"('R09530', 'forward')",4
2475,"('R01619', 'forward')",4
2476,"('R01684', 'forward')",4
2477,"('R07634', 'reverse')",4
2478,"('R00509', 'forward')",4
2479,"('R01242', 'forward')",4
2480,"('R01682', 'forward')",4
2481,"('R02433', 'forward')",4
2482,"('R07342', 'reverse')",4
2483,"('R05467', 'forward')",4
2484,"('R04208', 'forward')",4
2485,"('R10531', 'forward')",4
2486,"('R04860', 'forward')",4
2487,"('R03132', 'forward')",4
2488,"('R00508', 'forward')",4
2489,"('R01931', 'reverse')",4
2490,"('R05717', 'reverse')",4
2491,"('R01875', 'reverse')",4
2492,"('R00530', 'forward')",4
2493,"('R02996', 'reverse')",4
2494,"('R05652', 'forward')",4
2495,"('R01619', 'reverse')",4
2496,"('R05651', 'forward')",4
2497,"('R03105', 'reverse')",4
2498,"('R09530', 'reverse')",4
2499,"('R01242', 'reverse')",4
2500,"('R01684', 'reverse')",4
2501,"('R05774', 'forward')",4
2502,"('R00509', 'reverse')",4
2503,"('R01682', 'reverse')",4
2504,"('R04860', 'reverse')",4
2505,"('R01618', 'forward')",4
2506,"('R03132', 'reverse')",4
2507,"('R00901', 'forward')",4
2508,"('R05467', 'reverse')",4
2509,"('R00508', 'reverse')",4
2510,"('R01240', 'forward')",4
2511,"('R02433', 'reverse')",4
2512,"('R04208', 'reverse')",4
2513,"('R10531', 'reverse')",4
2514,"('R00530', 'reverse')",4
2515,"('R02409', 'forward')",4
2516,"('R05652', 'reverse')",4
2517,"('R07476', 'forward')",4
2518,"('R00529', 'forward')",4
2519,"('R00532', 'forward')",4
2520,"('R01398', 'forward')",5
2521,"('R00316', 'reverse')",5
2522,"('R10534', 'reverse')",5
2523,"('R01396', 'forward')",5
2524,"('R02317', 'forward')",5
2525,"('R01398', 'reverse')",5
2526,"('R06746', 'forward')",5
2527,"('R05775', 'forward')",5
2528,"('R01396', 'reverse')",5
2529,"('R00175', 'forward')",5
2530,"('R01399', 'forward')",5
2531,"('R10245', 'forward')",5
2532,"('R02317', 'reverse')",5
2533,"('R10538', 'forward')",5
2534,"('R06746', 'reverse')",5
2535,"('R10535', 'forward')",5
2536,"('R05775', 'reverse')",5
2537,"('R07245', 'forward')",5
2538,"('R00192', 'forward')",5
2539,"('R00175', 'reverse')",5
2540,"('R01399', 'reverse')",5
2541,"('R10538', 'reverse')",5
2542,"('R10245', 'reverse')",5
2543,"('R00316', 'forward')",5
2544,"('R01397', 'forward')",5
2545,"('R10534', 'forward')",5
2546,"('R10535', 'reverse')",5
2547,"('R07245', 'reverse')",5
2548,"('R00192', 'reverse')",5
2549,"('R01397', 'reverse')",5
