ec,cofactor
1.1.1.1,zn
1.1.1.2,zn
1.1.1.41,mg
1.1.1.41,mn
1.1.1.42,mg
1.1.1.42,mn
1.1.1.84,co
1.1.1.84,mn
1.1.1.93,mn
1.1.1.203,mg
1.1.1.251,zn
1.1.1.261,ni
1.1.1.261,zn
1.1.1.267,co
1.1.1.267,mg
1.1.1.267,mn
1.1.1.284,zn
1.1.1.286,mn
1.1.1.288,mo
1.1.1.324,zn
1.1.1.327,zn
1.1.1.329,zn
1.1.1.360,zn
1.1.2.3,heme
1.1.2.3,flavoprotein
1.1.2.4,flavoprotein
1.1.3.4,flavoprotein
1.1.3.5,cu
1.1.3.6,flavoprotein
1.1.3.8,flavoprotein
1.1.3.9,cu
1.1.3.10,flavoprotein
1.1.3.12,flavoprotein
1.1.3.13,flavoprotein
1.1.3.15,flavoprotein
1.1.3.17,flavoprotein
1.1.3.18,fe
1.1.3.19,mn
1.1.3.19,flavoprotein
1.1.3.21,flavoprotein
1.1.3.23,flavoprotein
1.1.3.37,flavoprotein
1.1.3.38,flavoprotein
1.1.3.39,heme
1.1.3.39,flavoprotein
1.1.3.41,flavoprotein
1.1.3.43,flavoprotein
1.1.3.44,flavoprotein
1.1.3.45,flavoprotein
1.1.3.46,flavoprotein
1.1.5.2,mg
1.1.5.4,flavoprotein
1.1.5.5,heme
1.1.5.6,heme
1.1.5.6,fes_4Fe_4S
1.1.5.6,pterin
1.1.5.9,flavoprotein
1.1.5.10,flavoprotein
1.1.9.1,heme
1.1.98.4,fe
1.1.98.4,fes
1.1.98.4,flavoprotein
1.1.99.3,flavoprotein
1.1.99.4,flavoprotein
1.1.99.6,flavoprotein
1.1.99.6,zn
1.1.99.9,flavoprotein
1.1.99.13,flavoprotein
1.1.99.18,heme
1.1.99.18,fe
1.1.99.21,flavoprotein
1.1.99.27,flavoprotein
1.1.99.29,flavoprotein
1.1.99.30,fes_4Fe_4S
1.1.99.30,mo
1.1.99.30,pterin
1.1.99.31,flavoprotein
1.1.99.32,co
1.1.99.33,fes_4Fe_4S
1.1.99.33,pterin
1.1.99.36,zn
1.1.99.37,mg
1.1.99.37,zn
1.2.1.2,fe
1.2.1.2,fes
1.2.1.2,mo
1.2.1.36,flavoprotein
1.2.1.43,fe
1.2.1.43,w
1.2.1.50,flavoprotein
1.2.1.51,flavoprotein
1.2.1.58,tpp
1.2.1.58,fe
1.2.1.58,fes
1.2.1.58,flavoprotein
1.2.1.75,mg
1.2.1.80,mg
1.2.1.89,flavoprotein
1.2.2.4,fes_2Fe_2S
1.2.2.4,flavoprotein
1.2.2.4,pterin
1.2.3.1,fes_2Fe_2S
1.2.3.1,flavoprotein
1.2.3.1,mo
1.2.3.3,tpp
1.2.3.3,flavoprotein
1.2.3.4,mn
1.2.3.4,flavoprotein
1.2.3.6,flavoprotein
1.2.3.7,heme
1.2.3.7,fe
1.2.3.7,flavoprotein
1.2.3.7,mo
1.2.3.8,mo
1.2.4.1,tpp
1.2.4.2,tpp
1.2.4.4,tpp
1.2.5.1,tpp
1.2.5.1,flavoprotein
1.2.5.2,heme
1.2.7.1,fes_4Fe_4S
1.2.7.1,tpp
1.2.7.3,fes_4Fe_4S
1.2.7.3,tpp
1.2.7.4,ni
1.2.7.4,fe
1.2.7.4,zn
1.2.7.5,fe
1.2.7.5,w
1.2.7.5,fes
1.2.7.5,pterin
1.2.7.6,fe
1.2.7.6,w
1.2.7.6,fes
1.2.7.6,pterin
1.2.7.7,tpp
1.2.7.7,fe
1.2.7.7,fes
1.2.7.8,fes_4Fe_4S
1.2.7.8,tpp
1.2.7.10,fes_4Fe_4S
1.2.7.10,tpp
1.2.7.11,fes_4Fe_4S
1.2.7.11,tpp
1.2.98.1,mg
1.2.98.1,zn
1.2.99.2,fes_4Fe_4S
1.2.99.5,pterin
1.2.99.6,w
1.2.99.7,fes_2Fe_2S
1.2.99.7,flavoprotein
1.2.99.7,mo
1.2.99.7,pterin
1.2.99.8,fe
1.2.99.8,fes
1.2.99.8,flavoprotein
1.2.99.8,pterin
1.2.99.9,flavoprotein
1.3.1.1,fe
1.3.1.1,fes
1.3.1.5,fe
1.3.1.5,mn
1.3.1.5,zn
1.3.1.14,fes_2Fe_2S
1.3.1.14,fe
1.3.1.14,fes
1.3.1.14,flavoprotein
1.3.1.15,flavoprotein
1.3.1.31,fe
1.3.1.31,fes
1.3.1.31,flavoprotein
1.3.1.76,fe
1.3.1.80,fe
1.3.1.84,zn
1.3.1.95,flavoprotein
1.3.1.98,flavoprotein
1.3.1.101,flavoprotein
1.3.3.4,flavoprotein
1.3.3.6,flavoprotein
1.3.3.7,flavoprotein
1.3.3.8,flavoprotein
1.3.3.9,heme
1.3.3.10,heme
1.3.3.12,flavoprotein
1.3.3.13,flavoprotein
1.3.3.14,flavoprotein
1.3.5.1,fe
1.3.5.1,fes
1.3.5.1,flavoprotein
1.3.5.2,flavoprotein
1.3.7.4,fes_2Fe_2S
1.3.7.4,fes_4Fe_4S
1.3.7.7,fes_4Fe_4S
1.3.7.7,fe
1.3.7.8,mg
1.3.7.8,fe
1.3.7.8,mn
1.3.7.8,fes
1.3.7.9,fes_4Fe_4S
1.3.7.9,fe
1.3.7.9,fes
1.3.7.9,mo
1.3.8.1,flavoprotein
1.3.8.3,flavoprotein
1.3.8.4,flavoprotein
1.3.8.5,flavoprotein
1.3.8.6,flavoprotein
1.3.8.7,flavoprotein
1.3.8.8,flavoprotein
1.3.8.9,flavoprotein
1.3.8.10,flavoprotein
1.3.8.11,flavoprotein
1.3.8.12,flavoprotein
1.3.98.1,flavoprotein
1.3.99.5,flavoprotein
1.3.99.8,cu
1.3.99.19,fe
1.3.99.19,flavoprotein
1.3.99.19,mo
1.3.99.19,pterin
1.3.99.22,fes_4Fe_4S
1.3.99.28,flavoprotein
1.3.99.31,flavoprotein
1.3.99.32,flavoprotein
1.3.99.33,flavoprotein
1.3.99.35,fes_4Fe_4S
1.4.1.13,fes_3Fe_4S
1.4.1.13,fes_4Fe_4S
1.4.1.13,flavoprotein
1.4.1.14,flavoprotein
1.4.3.1,flavoprotein
1.4.3.2,flavoprotein
1.4.3.3,flavoprotein
1.4.3.4,flavoprotein
1.4.3.5,flavoprotein
1.4.3.6,cu
1.4.3.10,flavoprotein
1.4.3.11,flavoprotein
1.4.3.12,flavoprotein
1.4.3.15,flavoprotein
1.4.3.16,flavoprotein
1.4.3.19,flavoprotein
1.4.3.21,cu
1.4.3.22,cu
1.4.3.23,flavoprotein
1.4.3.24,flavoprotein
1.4.4.2,plp
1.4.5.1,fe
1.4.5.1,fes
1.4.5.1,flavoprotein
1.4.7.1,fes_3Fe_4S
1.4.7.1,flavoprotein
1.4.99.5,flavoprotein
1.5.1.20,flavoprotein
1.5.1.30,flavoprotein
1.5.1.36,flavoprotein
1.5.1.37,flavoprotein
1.5.1.38,flavoprotein
1.5.1.39,flavoprotein
1.5.1.41,flavoprotein
1.5.1.45,flavoprotein
1.5.3.1,flavoprotein
1.5.3.2,flavoprotein
1.5.3.5,flavoprotein
1.5.3.6,flavoprotein
1.5.3.10,flavoprotein
1.5.3.13,flavoprotein
1.5.3.14,flavoprotein
1.5.3.16,flavoprotein
1.5.3.17,flavoprotein
1.5.3.18,flavoprotein
1.5.3.19,flavoprotein
1.5.3.22,fe
1.5.3.22,flavoprotein
1.5.5.1,fe
1.5.5.1,fes
1.5.5.1,flavoprotein
1.5.5.2,flavoprotein
1.5.7.1,fe
1.5.7.1,fes
1.5.7.1,flavoprotein
1.5.7.1,zn
1.5.7.2,fe
1.5.7.2,fes
1.5.7.2,flavoprotein
1.5.8.1,fes_4Fe_4S
1.5.8.1,flavoprotein
1.5.8.2,fes_4Fe_4S
1.5.8.2,flavoprotein
1.5.8.3,flavoprotein
1.5.8.4,flavoprotein
1.5.99.4,flavoprotein
1.5.99.6,heme
1.5.99.6,flavoprotein
1.5.99.12,flavoprotein
1.5.99.13,flavoprotein
1.5.99.14,mo
1.5.99.15,fe
1.5.99.15,fes
1.5.99.15,flavoprotein
1.6.1.1,flavoprotein
1.6.2.2,flavoprotein
1.6.2.4,heme
1.6.2.4,flavoprotein
1.6.2.5,flavoprotein
1.6.3.1,heme
1.6.3.1,flavoprotein
1.6.3.2,flavoprotein
1.6.3.3,flavoprotein
1.6.3.4,flavoprotein
1.6.3.5,flavoprotein
1.6.5.2,flavoprotein
1.6.5.3,fe
1.6.5.3,fes
1.6.5.3,flavoprotein
1.6.5.5,zn
1.6.5.7,flavoprotein
1.6.5.8,fes_2Fe_2S
1.6.5.8,fe
1.6.5.8,fes
1.6.5.8,flavoprotein
1.6.5.9,flavoprotein
1.6.5.10,flavoprotein
1.6.99.1,flavoprotein
1.6.99.3,fe
1.6.99.3,fes
1.6.99.3,flavoprotein
1.7.1.1,fe
1.7.1.1,fes
1.7.1.1,flavoprotein
1.7.1.1,mo
1.7.1.2,fe
1.7.1.2,fes
1.7.1.2,flavoprotein
1.7.1.2,mo
1.7.1.3,fe
1.7.1.3,fes
1.7.1.3,flavoprotein
1.7.1.3,mo
1.7.1.4,heme
1.7.1.4,fe
1.7.1.4,fes
1.7.1.4,flavoprotein
1.7.1.14,heme
1.7.1.15,heme
1.7.1.15,fe
1.7.1.15,fes
1.7.1.15,flavoprotein
1.7.2.1,heme
1.7.2.1,cu
1.7.2.2,heme
1.7.2.5,heme
1.7.2.5,fe
1.7.2.6,heme
1.7.3.1,flavoprotein
1.7.3.5,flavoprotein
1.7.3.6,fe
1.7.5.1,heme
1.7.5.1,fe
1.7.5.1,fes
1.7.5.1,pterin
1.7.5.2,cu
1.7.6.1,heme
1.7.7.1,heme
1.7.7.1,fes_4Fe_4S
1.7.7.1,fe
1.7.7.2,fe
1.7.7.2,fes
1.7.7.2,mo
1.7.99.1,flavoprotein
1.7.99.4,fe
1.7.99.4,mo
1.8.1.2,heme
1.8.1.2,fes_4Fe_4S
1.8.1.2,flavoprotein
1.8.1.3,heme
1.8.1.4,flavoprotein
1.8.1.7,flavoprotein
1.8.1.9,flavoprotein
1.8.1.10,flavoprotein
1.8.1.12,flavoprotein
1.8.1.13,flavoprotein
1.8.1.14,flavoprotein
1.8.1.15,flavoprotein
1.8.1.16,flavoprotein
1.8.1.18,flavoprotein
1.8.1.19,fe
1.8.1.19,fes
1.8.1.19,flavoprotein
1.8.2.3,heme
1.8.2.3,flavoprotein
1.8.2.4,heme
1.8.2.4,fes_4Fe_4S
1.8.2.4,pterin
1.8.3.1,heme
1.8.3.3,flavoprotein
1.8.3.5,flavoprotein
1.8.3.6,flavoprotein
1.8.4.12,zn
1.8.5.3,fes_4Fe_4S
1.8.5.3,pterin
1.8.7.1,fe
1.8.7.2,fes_4Fe_4S
1.8.98.1,heme
1.8.98.1,fes_4Fe_4S
1.8.99.2,fe
1.8.99.2,flavoprotein
1.8.99.3,heme
1.8.99.3,fe
1.8.99.3,fes
1.9.3.1,cu
1.9.98.1,fe
1.10.2.2,fe
1.10.3.1,cu
1.10.3.2,cu
1.10.3.3,cu
1.10.3.4,cu
1.10.3.4,mn
1.10.3.4,flavoprotein
1.10.3.9,heme
1.10.3.9,fe
1.10.3.10,heme
1.10.3.10,cu
1.10.3.11,fe
1.10.3.12,heme
1.10.3.12,cu
1.10.3.13,cu
1.10.3.15,cu
1.10.5.1,flavoprotein
1.10.9.1,fes_2Fe_2S
1.11.1.1,flavoprotein
1.11.1.5,heme
1.11.1.6,heme
1.11.1.6,mn
1.11.1.7,heme
1.11.1.7,fe
1.11.1.10,heme
1.11.1.11,heme
1.11.1.13,heme
1.11.1.14,heme
1.11.1.14,fe
1.11.1.16,heme
1.11.1.19,heme
1.11.1.21,heme
1.11.1.23,fe
1.11.2.1,heme
1.11.2.2,heme
1.11.2.3,heme
1.11.2.4,heme
1.11.2.5,heme
1.12.1.2,ni
1.12.1.2,fe
1.12.1.2,fes
1.12.1.2,flavoprotein
1.12.1.3,ni
1.12.1.3,fe
1.12.1.3,fes
1.12.1.4,fe
1.12.1.4,fes_FeFe
1.12.1.4,fes
1.12.1.5,ni
1.12.1.5,fe
1.12.1.5,fes
1.12.2.1,ni
1.12.2.1,fe
1.12.2.1,fes
1.12.5.1,ni
1.12.5.1,fe
1.12.5.1,fes
1.12.7.2,ni
1.12.7.2,fe
1.12.7.2,fes
1.12.98.1,ni
1.12.98.1,fe
1.12.98.1,fes
1.12.98.1,flavoprotein
1.12.98.3,ni
1.12.98.3,fe
1.12.98.3,fes
1.12.98.4,fe
1.12.98.4,fes
1.12.99.6,ni
1.12.99.6,fe
1.12.99.6,fes
1.13.11.1,fe
1.13.11.3,fe
1.13.11.4,fe
1.13.11.5,fe
1.13.11.6,fe
1.13.11.8,fe
1.13.11.9,fe
1.13.11.10,fe
1.13.11.11,heme
1.13.11.12,heme
1.13.11.12,fe
1.13.11.15,fe
1.13.11.16,fe
1.13.11.17,cu
1.13.11.17,flavoprotein
1.13.11.18,fe
1.13.11.19,fe
1.13.11.20,fe
1.13.11.24,cu
1.13.11.24,fe
1.13.11.25,fe
1.13.11.27,cu
1.13.11.27,fe
1.13.11.29,zn
1.13.11.30,zn
1.13.11.36,fe
1.13.11.37,fe
1.13.11.38,fe
1.13.11.39,fe
1.13.11.39,mn
1.13.11.43,fe
1.13.11.45,mn
1.13.11.46,fe
1.13.11.49,heme
1.13.11.49,fe
1.13.11.51,fe
1.13.11.52,heme
1.13.11.53,ni
1.13.11.54,fe
1.13.11.55,heme
1.13.11.55,fe
1.13.11.56,fe
1.13.11.57,fe
1.13.11.58,heme
1.13.11.58,fe
1.13.11.60,heme
1.13.11.63,fe
1.13.11.66,fe
1.13.11.68,fe
1.13.11.69,fe
1.13.11.70,fe
1.13.11.71,fe
1.13.11.74,fe
1.13.11.75,fe
1.13.11.76,fe
1.13.11.77,fe
1.13.11.78,fe
1.13.12.1,flavoprotein
1.13.12.2,flavoprotein
1.13.12.4,flavoprotein
1.13.12.16,flavoprotein
1.13.99.1,fe
1.13.99.3,heme
1.14.11.1,fe
1.14.11.2,fe
1.14.11.4,fe
1.14.11.6,fe
1.14.11.7,fe
1.14.11.8,fe
1.14.11.9,fe
1.14.11.11,fe
1.14.11.12,fe
1.14.11.14,fe
1.14.11.15,fe
1.14.11.16,fe
1.14.11.18,fe
1.14.11.20,fe
1.14.11.21,fe
1.14.11.22,fe
1.14.11.23,fe
1.14.11.24,fe
1.14.11.25,fe
1.14.11.26,fe
1.14.11.27,fe
1.14.11.28,fe
1.14.11.31,fe
1.14.11.32,fe
1.14.11.37,fe
1.14.11.38,fe
1.14.11.39,fe
1.14.11.40,fe
1.14.11.41,fe
1.14.11.42,fe
1.14.11.43,fe
1.14.11.44,fe
1.14.11.46,fe
1.14.11.48,fe
1.14.12.1,fe
1.14.12.3,fe
1.14.12.3,fes
1.14.12.3,flavoprotein
1.14.12.4,flavoprotein
1.14.12.5,flavoprotein
1.14.12.7,fe
1.14.12.7,fes
1.14.12.7,flavoprotein
1.14.12.8,fe
1.14.12.8,fes
1.14.12.8,flavoprotein
1.14.12.9,fe
1.14.12.9,fes
1.14.12.10,fe
1.14.12.10,fes
1.14.12.10,flavoprotein
1.14.12.11,fe
1.14.12.11,fes
1.14.12.11,flavoprotein
1.14.12.12,fe
1.14.12.12,fes
1.14.12.12,flavoprotein
1.14.12.13,flavoprotein
1.14.12.15,fes_2Fe_2S
1.14.12.17,heme
1.14.12.17,flavoprotein
1.14.12.18,fes_2Fe_2S
1.14.12.18,fe
1.14.12.18,fes
1.14.12.18,flavoprotein
1.14.12.20,fe
1.14.12.20,fes
1.14.12.21,fe
1.14.12.21,fes
1.14.12.21,flavoprotein
1.14.12.22,fes_2Fe_2S
1.14.12.22,fe
1.14.12.22,fes
1.14.13.1,flavoprotein
1.14.13.2,flavoprotein
1.14.13.4,flavoprotein
1.14.13.5,flavoprotein
1.14.13.6,flavoprotein
1.14.13.7,flavoprotein
1.14.13.8,flavoprotein
1.14.13.9,flavoprotein
1.14.13.10,flavoprotein
1.14.13.11,heme
1.14.13.12,fe
1.14.13.17,heme
1.14.13.18,flavoprotein
1.14.13.19,flavoprotein
1.14.13.20,flavoprotein
1.14.13.22,flavoprotein
1.14.13.23,flavoprotein
1.14.13.24,flavoprotein
1.14.13.27,flavoprotein
1.14.13.28,heme
1.14.13.29,flavoprotein
1.14.13.30,heme
1.14.13.32,flavoprotein
1.14.13.33,flavoprotein
1.14.13.35,fe
1.14.13.35,flavoprotein
1.14.13.37,heme
1.14.13.39,heme
1.14.13.39,fe
1.14.13.39,flavoprotein
1.14.13.39,pterin
1.14.13.40,flavoprotein
1.14.13.41,heme
1.14.13.47,heme
1.14.13.48,heme
1.14.13.49,heme
1.14.13.50,flavoprotein
1.14.13.52,heme
1.14.13.53,heme
1.14.13.54,flavoprotein
1.14.13.55,heme
1.14.13.56,heme
1.14.13.57,heme
1.14.13.58,flavoprotein
1.14.13.59,flavoprotein
1.14.13.61,fe
1.14.13.64,flavoprotein
1.14.13.70,heme
1.14.13.71,heme
1.14.13.73,heme
1.14.13.74,heme
1.14.13.75,heme
1.14.13.83,fe
1.14.13.83,fes
1.14.13.84,flavoprotein
1.14.13.85,heme
1.14.13.87,heme
1.14.13.88,heme
1.14.13.89,heme
1.14.13.90,flavoprotein
1.14.13.91,heme
1.14.13.92,flavoprotein
1.14.13.93,heme
1.14.13.94,heme
1.14.13.95,heme
1.14.13.96,heme
1.14.13.97,heme
1.14.13.98,heme
1.14.13.99,heme
1.14.13.100,heme
1.14.13.101,flavoprotein
1.14.13.103,heme
1.14.13.104,heme
1.14.13.105,flavoprotein
1.14.13.107,flavoprotein
1.14.13.108,heme
1.14.13.109,heme
1.14.13.110,heme
1.14.13.111,fes_2Fe_2S
1.14.13.111,flavoprotein
1.14.13.113,flavoprotein
1.14.13.114,flavoprotein
1.14.13.117,heme
1.14.13.118,heme
1.14.13.119,heme
1.14.13.120,heme
1.14.13.121,heme
1.14.13.122,fe
1.14.13.123,heme
1.14.13.124,heme
1.14.13.125,heme
1.14.13.126,fes_2Fe_2S
1.14.13.126,heme
1.14.13.127,flavoprotein
1.14.13.128,fe
1.14.13.130,flavoprotein
1.14.13.131,mg
1.14.13.131,flavoprotein
1.14.13.132,heme
1.14.13.132,flavoprotein
1.14.13.133,heme
1.14.13.141,heme
1.14.13.142,fe
1.14.13.142,fes
1.14.13.142,flavoprotein
1.14.13.148,flavoprotein
1.14.13.151,fes_2Fe_2S
1.14.13.151,heme
1.14.13.156,heme
1.14.13.156,fe
1.14.13.157,heme
1.14.13.158,heme
1.14.13.160,flavoprotein
1.14.13.162,fe
1.14.13.162,flavoprotein
1.14.13.163,flavoprotein
1.14.13.165,fes_2Fe_2S
1.14.13.165,heme
1.14.13.165,fe
1.14.13.165,flavoprotein
1.14.13.165,pterin
1.14.13.167,flavoprotein
1.14.13.170,flavoprotein
1.14.13.171,flavoprotein
1.14.13.172,fe
1.14.13.172,fes
1.14.13.172,flavoprotein
1.14.13.173,heme
1.14.13.174,heme
1.14.13.175,heme
1.14.13.176,heme
1.14.13.177,heme
1.14.13.178,fe
1.14.13.179,fe
1.14.13.180,flavoprotein
1.14.13.183,heme
1.14.13.184,heme
1.14.13.185,heme
1.14.13.186,heme
1.14.13.187,flavoprotein
1.14.13.188,heme
1.14.13.194,heme
1.14.13.195,flavoprotein
1.14.13.196,flavoprotein
1.14.13.197,heme
1.14.13.198,heme
1.14.13.202,heme
1.14.13.203,heme
1.14.14.1,heme
1.14.14.8,flavoprotein
1.14.14.10,mg
1.14.14.10,flavoprotein
1.14.14.12,flavoprotein
1.14.14.13,flavoprotein
1.14.15.1,heme
1.14.15.3,heme
1.14.15.4,heme
1.14.15.6,heme
1.14.15.7,fes_2Fe_2S
1.14.15.7,mg
1.14.15.7,fe
1.14.15.9,heme
1.14.15.11,heme
1.14.15.12,heme
1.14.15.13,heme
1.14.15.13,fe
1.14.16.1,fe
1.14.16.2,fe
1.14.16.3,fe
1.14.16.4,fe
1.14.16.5,fe
1.14.16.6,fe
1.14.17.1,cu
1.14.17.3,cu
1.14.17.4,heme
1.14.17.4,fe
1.14.18.1,cu
1.14.18.2,fes_2Fe_2S
1.14.18.2,fe
1.14.18.3,cu
1.14.19.1,fe
1.14.19.3,fe
1.14.19.8,heme
1.14.20.3,fe
1.14.21.1,heme
1.14.21.2,heme
1.14.21.3,heme
1.14.21.4,heme
1.14.21.5,heme
1.14.21.8,heme
1.14.21.9,heme
1.14.21.10,heme
1.14.99.3,heme
1.14.99.3,fe
1.14.99.9,heme
1.14.99.10,heme
1.14.99.15,fe
1.14.99.15,fes
1.14.99.15,flavoprotein
1.14.99.19,mg
1.14.99.21,flavoprotein
1.14.99.22,heme
1.14.99.24,fe
1.14.99.24,fes
1.14.99.24,flavoprotein
1.14.99.33,fe
1.14.99.34,flavoprotein
1.14.99.35,mo
1.14.99.36,fe
1.14.99.38,fe
1.14.99.39,cu
1.14.99.39,fe
1.14.99.39,zn
1.14.99.43,heme
1.14.99.45,heme
1.14.99.48,fe
1.14.99.49,heme
1.15.1.1,cu
1.15.1.1,fe
1.15.1.1,mn
1.15.1.1,zn
1.15.1.2,fe
1.16.1.3,flavoprotein
1.16.1.4,flavoprotein
1.16.1.5,flavoprotein
1.16.1.6,flavoprotein
1.16.1.7,fe
1.16.1.7,flavoprotein
1.16.1.8,flavoprotein
1.16.1.9,fe
1.16.1.9,flavoprotein
1.16.3.1,heme
1.16.3.1,cu
1.16.3.1,fe
1.16.5.1,heme
1.16.8.1,flavoprotein
1.17.1.2,fes_3Fe_4S
1.17.1.2,fes_4Fe_4S
1.17.1.2,fe
1.17.1.2,fes
1.17.1.4,fes_2Fe_2S
1.17.1.4,flavoprotein
1.17.1.4,mo
1.17.1.5,fe
1.17.1.5,flavoprotein
1.17.2.1,fes_2Fe_2S
1.17.2.1,flavoprotein
1.17.2.1,pterin
1.17.2.2,heme
1.17.3.2,fes_2Fe_2S
1.17.3.2,fe
1.17.3.2,flavoprotein
1.17.3.2,mo
1.17.3.2,pterin
1.17.3.3,fes_2Fe_2S
1.17.3.3,fe
1.17.3.3,fes
1.17.3.3,flavoprotein
1.17.3.3,mo
1.17.4.1,fe
1.17.5.1,fe
1.17.5.1,mo
1.17.7.1,fes_4Fe_4S
1.17.7.1,fe
1.17.7.1,fes
1.17.7.2,fe
1.17.7.2,fes
1.17.7.2,flavoprotein
1.17.7.3,fes_4Fe_4S
1.17.7.3,fe
1.17.7.3,fes
1.17.99.1,flavoprotein
1.17.99.2,heme
1.17.99.2,fes_4Fe_4S
1.17.99.2,pterin
1.18.1.1,fe
1.18.1.1,flavoprotein
1.18.1.2,fes_2Fe_2S
1.18.1.2,fes_4Fe_4S
1.18.1.2,flavoprotein
1.18.1.3,fes_2Fe_2S
1.18.1.3,fes_4Fe_4S
1.18.1.3,flavoprotein
1.18.1.4,flavoprotein
1.18.1.5,fes_2Fe_2S
1.18.1.5,flavoprotein
1.18.1.6,flavoprotein
1.18.1.7,fes_2Fe_2S
1.18.1.7,flavoprotein
1.18.6.1,fes_4Fe_4S
1.18.6.1,mg
1.18.6.1,fe
1.18.6.1,mo
1.19.6.1,fes_4Fe_4S
1.19.6.1,mg
1.19.6.1,fe
1.19.6.1,mo
1.20.2.1,fe
1.20.2.1,fes
1.20.9.1,fes_2Fe_2S
1.20.9.1,fes_3Fe_4S
1.20.9.1,mo
1.20.9.1,pterin
1.21.3.2,fe
1.21.3.3,flavoprotein
1.21.3.6,cu
1.21.3.8,flavoprotein
1.21.3.9,heme
1.21.3.9,fe
1.21.99.1,flavoprotein
1.97.1.4,fe
1.97.1.4,fes
1.97.1.8,fe
1.97.1.8,fes
1.97.1.9,heme
1.97.1.9,fe
1.97.1.9,mo
1.97.1.12,fes_4Fe_4S
2.1.1.12,mn
2.1.1.12,zn
2.1.1.13,zn
2.1.1.14,zn
2.1.1.46,mg
2.1.1.90,co
2.1.1.101,co
2.1.1.101,mg
2.1.1.101,mn
2.1.1.102,mg
2.1.1.106,fes_4Fe_4S
2.1.1.106,v12
2.1.1.107,heme
2.1.1.107,fe
2.1.1.141,mg
2.1.1.141,zn
2.1.1.148,flavoprotein
2.1.1.195,co
2.1.1.196,co
2.1.1.238,mg
2.1.1.246,co
2.1.1.247,co
2.1.1.247,zn
2.1.1.248,co
2.1.1.249,co
2.1.1.250,co
2.1.1.251,co
2.1.1.252,co
2.1.1.253,co
2.1.1.278,mg
2.1.1.289,co
2.1.2.1,plp
2.1.2.5,plp
2.1.3.1,biotin
2.1.3.1,co
2.1.3.1,zn
2.2.1.1,tpp
2.2.1.3,tpp
2.2.1.4,tpp
2.2.1.5,tpp
2.2.1.6,tpp
2.2.1.7,tpp
2.2.1.9,mg
2.3.1.37,plp
2.3.1.47,plp
2.3.1.50,plp
2.3.1.169,ni
2.3.1.169,cu
2.3.1.169,fe
2.3.1.169,fes
2.3.1.190,tpp
2.3.3.15,mg
2.4.1.14,mg
2.4.1.14,mn
2.4.1.41,mn
2.4.1.79,mn
2.4.1.133,mn
2.4.1.134,mn
2.4.1.135,mn
2.4.1.163,mn
2.4.1.164,mn
2.4.1.165,mn
2.4.1.174,mn
2.4.1.208,mg
2.4.1.212,mg
2.4.1.214,mn
2.4.1.217,mg
2.4.1.232,mn
2.4.1.241,mg
2.4.1.245,mg
2.4.1.246,mg
2.4.1.246,mn
2.4.1.262,mg
2.4.1.262,mn
2.4.1.266,co
2.4.1.266,mg
2.4.1.266,mn
2.4.1.285,co
2.4.1.285,mg
2.4.1.285,mn
2.4.1.289,mg
2.4.1.289,mn
2.4.1.303,mn
2.4.1.304,mg
2.4.1.304,mn
2.4.2.45,mg
2.4.2.49,ni
2.4.2.49,co
2.4.2.49,mg
2.4.2.54,mg
2.4.2.54,mn
2.5.1.9,flavoprotein
2.5.1.17,co
2.5.1.17,mg
2.5.1.17,mn
2.5.1.21,mg
2.5.1.21,mn
2.5.1.32,mn
2.5.1.41,mg
2.5.1.42,mg
2.5.1.42,mn
2.5.1.47,plp
2.5.1.48,plp
2.5.1.58,mg
2.5.1.58,zn
2.5.1.59,zn
2.5.1.62,mg
2.5.1.65,plp
2.5.1.66,tpp
2.5.1.67,mg
2.5.1.67,mn
2.5.1.68,mg
2.5.1.68,mn
2.5.1.70,mg
2.5.1.71,mg
2.5.1.72,fes_4Fe_4S
2.5.1.72,fe
2.5.1.72,fes
2.5.1.76,plp
2.5.1.77,fes_4Fe_4S
2.5.1.82,mg
2.5.1.93,mg
2.5.1.96,mn
2.5.1.97,co
2.5.1.97,mn
2.5.1.99,mn
2.5.1.101,mn
2.5.1.108,fes_4Fe_4S
2.5.1.113,plp
2.5.1.115,mg
2.5.1.116,mg
2.5.1.117,mg
2.6.1.1,plp
2.6.1.2,plp
2.6.1.3,plp
2.6.1.4,plp
2.6.1.5,plp
2.6.1.6,plp
2.6.1.7,plp
2.6.1.8,plp
2.6.1.9,plp
2.6.1.11,plp
2.6.1.12,plp
2.6.1.13,plp
2.6.1.14,plp
2.6.1.15,plp
2.6.1.17,plp
2.6.1.18,plp
2.6.1.21,plp
2.6.1.24,plp
2.6.1.26,plp
2.6.1.27,plp
2.6.1.33,plp
2.6.1.34,plp
2.6.1.35,plp
2.6.1.36,plp
2.6.1.37,plp
2.6.1.39,plp
2.6.1.43,plp
2.6.1.44,plp
2.6.1.45,plp
2.6.1.46,plp
2.6.1.47,plp
2.6.1.48,plp
2.6.1.49,plp
2.6.1.50,plp
2.6.1.51,plp
2.6.1.52,plp
2.6.1.55,plp
2.6.1.57,plp
2.6.1.59,plp
2.6.1.64,plp
2.6.1.65,plp
2.6.1.67,plp
2.6.1.72,plp
2.6.1.76,plp
2.6.1.78,plp
2.6.1.79,plp
2.6.1.80,plp
2.6.1.81,plp
2.6.1.82,plp
2.6.1.84,plp
2.6.1.85,mg
2.6.1.86,mg
2.6.1.89,plp
2.6.1.90,plp
2.6.1.92,plp
2.6.1.104,plp
2.6.1.106,plp
2.7.1.26,mg
2.7.1.26,mn
2.7.1.26,flavoprotein
2.7.1.26,zn
2.7.1.52,mg
2.7.1.52,fe
2.7.1.146,co
2.7.1.146,mg
2.7.1.147,mg
2.7.1.148,mg
2.7.1.148,mn
2.7.1.157,co
2.7.1.157,mg
2.7.1.157,mn
2.7.1.158,fe
2.7.1.162,mg
2.7.1.174,mg
2.7.1.175,mg
2.7.1.180,mg
2.7.2.1,mg
2.7.2.15,mg
2.7.7.2,mg
2.7.7.60,mg
2.7.7.60,mn
2.7.7.63,mg
2.7.7.64,mg
2.7.7.64,mn
2.7.7.65,mg
2.7.7.65,mn
2.7.7.67,mg
2.7.7.73,zn
2.7.7.75,mg
2.7.7.75,mn
2.7.7.81,mg
2.7.8.7,mg
2.7.8.24,mg
2.7.8.24,mn
2.7.8.32,mn
2.7.8.38,mn
2.7.8.39,mg
2.7.8.39,mn
2.7.9.2,mn
2.7.9.3,mg
2.7.11.6,mg
2.7.12.2,fe
2.8.1.2,zn
2.8.1.6,fes_2Fe_2S
2.8.1.6,fes_4Fe_4S
2.8.1.6,fe
2.8.1.6,fes
2.8.1.7,plp
2.8.1.8,fe
2.8.1.8,fes
2.8.2.22,mg
2.8.2.22,mn
2.8.2.32,mg
2.8.4.3,fes_4Fe_4S
2.8.4.4,fes_4Fe_4S
2.8.4.4,fe
2.8.4.5,fes_4Fe_4S
2.9.1.2,plp
2.10.1.1,mg
2.10.1.1,zn
3.1.2.30,mg
3.1.2.30,mn
3.1.3.1,zn
3.1.3.4,mg
3.1.3.24,mg
3.1.3.67,mg
3.1.3.70,mg
3.1.3.71,mg
3.1.3.73,co
3.1.3.74,mg
3.1.3.75,co
3.1.3.75,mg
3.1.3.75,mn
3.1.3.76,mg
3.1.3.77,fe
3.1.3.79,mg
3.1.3.81,mg
3.1.3.81,zn
3.1.3.85,co
3.1.3.85,mg
3.1.3.85,mn
3.1.3.89,co
3.1.4.3,zn
3.1.4.52,heme
3.1.4.52,mg
3.1.4.52,mn
3.1.4.53,mg
3.1.4.53,mn
3.1.4.55,mn
3.1.4.55,zn
3.1.4.56,fe
3.1.4.56,zn
3.1.7.5,mn
3.1.7.11,mg
3.1.7.11,mn
3.2.1.184,mg
3.3.2.6,zn
3.4.11.1,zn
3.4.11.2,zn
3.4.11.5,mn
3.4.13.12,mn
3.4.13.18,mn
3.4.13.18,zn
3.4.13.22,zn
3.5.1.5,ni
3.5.1.14,zn
3.5.1.56,fe
3.5.1.57,mn
3.5.1.58,co
3.5.1.58,zn
3.5.1.81,zn
3.5.1.82,zn
3.5.1.83,zn
3.5.1.91,zn
3.5.1.96,co
3.5.1.103,zn
3.5.1.104,zn
3.5.1.108,zn
3.5.1.114,co
3.5.2.1,zn
3.5.2.18,fe
3.5.2.18,zn
3.5.3.2,mn
3.5.3.7,mn
3.5.3.9,mn
3.5.3.17,mn
3.5.3.22,mn
3.5.3.26,mn
3.5.4.5,zn
3.5.4.8,fe
3.5.4.29,mg
3.5.4.30,mg
3.5.4.32,zn
3.5.4.33,zn
3.5.4.34,mg
3.5.4.39,fe
3.5.4.39,zn
3.6.1.5,mg
3.6.1.15,tpp
3.6.1.18,flavoprotein
3.6.1.53,mn
3.6.1.55,mg
3.6.1.60,mn
3.6.1.61,co
3.6.1.61,mg
3.6.1.61,mn
3.6.1.61,zn
3.6.1.62,mg
3.6.1.62,mn
3.6.1.66,mg
3.6.2.2,mn
3.6.3.35,mn
3.6.3.35,zn
3.6.3.55,w
3.7.1.3,plp
3.7.1.12,co
3.11.1.2,zn
3.11.1.3,co
3.11.1.3,mg
3.11.1.3,mn
3.13.1.4,flavoprotein
4.1.1.1,tpp
4.1.1.2,mn
4.1.1.3,biotin
4.1.1.3,mn
4.1.1.7,tpp
4.1.1.8,tpp
4.1.1.12,plp
4.1.1.14,plp
4.1.1.15,plp
4.1.1.16,plp
4.1.1.17,plp
4.1.1.18,plp
4.1.1.19,plp
4.1.1.20,plp
4.1.1.22,plp
4.1.1.24,plp
4.1.1.25,plp
4.1.1.28,plp
4.1.1.29,plp
4.1.1.41,biotin
4.1.1.47,flavoprotein
4.1.1.53,plp
4.1.1.64,plp
4.1.1.65,plp
4.1.1.70,biotin
4.1.1.71,tpp
4.1.1.74,mg
4.1.1.74,tpp
4.1.1.75,tpp
4.1.1.79,tpp
4.1.1.81,plp
4.1.1.82,mg
4.1.1.82,tpp
4.1.1.82,mn
4.1.1.85,mg
4.1.1.86,plp
4.1.1.89,biotin
4.1.1.92,mg
4.1.1.92,mn
4.1.1.92,zn
4.1.1.98,flavoprotein
4.1.2.5,plp
4.1.2.9,tpp
4.1.2.10,flavoprotein
4.1.2.13,zn
4.1.2.26,plp
4.1.2.27,plp
4.1.2.30,heme
4.1.2.38,tpp
4.1.2.42,ni
4.1.2.42,co
4.1.2.42,plp
4.1.2.42,mg
4.1.2.42,mn
4.1.2.43,mg
4.1.2.43,mn
4.1.2.46,zn
4.1.2.50,zn
4.1.2.52,co
4.1.2.52,mn
4.1.2.53,mg
4.1.3.14,plp
4.1.3.25,mg
4.1.3.38,plp
4.1.3.39,mn
4.1.3.41,co
4.1.3.41,plp
4.1.3.41,mg
4.1.3.41,mn
4.1.3.43,mn
4.1.3.44,fes_4Fe_4S
4.1.3.46,mn
4.1.99.1,plp
4.1.99.2,plp
4.1.99.3,flavoprotein
4.1.99.5,fe
4.1.99.12,mg
4.1.99.16,mg
4.1.99.17,fes_4Fe_4S
4.1.99.18,co
4.1.99.18,fes
4.1.99.19,fes_4Fe_4S
4.1.99.19,flavoprotein
4.1.99.20,mn
4.2.1.1,zn
4.2.1.3,fes_4Fe_4S
4.2.1.3,fe
4.2.1.3,fes
4.2.1.20,plp
4.2.1.22,plp
4.2.1.24,heme
4.2.1.24,mg
4.2.1.24,fe
4.2.1.24,zn
4.2.1.32,fe
4.2.1.33,fe
4.2.1.33,fes
4.2.1.35,fe
4.2.1.36,fes_4Fe_4S
4.2.1.44,co
4.2.1.44,mn
4.2.1.50,plp
4.2.1.81,fe
4.2.1.81,mn
4.2.1.85,fe
4.2.1.111,mg
4.2.1.112,fes_4Fe_4S
4.2.1.112,w
4.2.1.112,pterin
4.2.1.113,mg
4.2.1.113,mn
4.2.1.114,fes_4Fe_4S
4.2.1.118,mn
4.2.1.120,fes_4Fe_4S
4.2.1.120,fe
4.2.1.120,fes
4.2.1.120,flavoprotein
4.2.1.121,heme
4.2.1.133,mg
4.2.1.140,mg
4.2.1.152,fe
4.2.3.1,plp
4.2.3.2,plp
4.2.3.4,co
4.2.3.5,flavoprotein
4.2.3.9,mg
4.2.3.9,mn
4.2.3.12,mg
4.2.3.13,mg
4.2.3.15,mn
4.2.3.16,mn
4.2.3.18,mg
4.2.3.20,mn
4.2.3.22,mg
4.2.3.23,mg
4.2.3.24,mg
4.2.3.24,mn
4.2.3.25,mg
4.2.3.25,mn
4.2.3.26,mg
4.2.3.26,mn
4.2.3.27,mg
4.2.3.27,mn
4.2.3.31,ni
4.2.3.31,co
4.2.3.31,mg
4.2.3.31,zn
4.2.3.36,co
4.2.3.36,mg
4.2.3.36,fe
4.2.3.36,mn
4.2.3.37,mg
4.2.3.38,mg
4.2.3.38,mn
4.2.3.39,mg
4.2.3.41,mg
4.2.3.41,mn
4.2.3.55,mg
4.2.3.55,mn
4.2.3.63,mg
4.2.3.64,mg
4.2.3.74,mg
4.2.3.77,ni
4.2.3.77,co
4.2.3.77,mg
4.2.3.77,mn
4.2.3.87,mg
4.2.3.90,mg
4.2.3.91,mg
4.2.3.93,mg
4.2.3.96,mg
4.2.3.100,mg
4.2.3.100,mn
4.2.3.101,mg
4.2.3.101,mn
4.2.3.102,mg
4.2.3.102,mn
4.2.3.108,mg
4.2.3.108,mn
4.2.3.108,zn
4.2.3.109,mg
4.2.3.113,mg
4.2.3.113,mn
4.2.3.114,mg
4.2.3.114,mn
4.2.3.115,mg
4.2.3.115,mn
4.2.3.116,mg
4.2.3.116,mn
4.2.3.119,mg
4.2.3.119,mn
4.2.3.120,mg
4.2.3.120,mn
4.2.3.121,mg
4.2.3.121,mn
4.2.3.124,co
4.2.3.127,mg
4.2.3.134,plp
4.2.3.146,mg
4.2.3.148,mg
4.2.3.149,mg
4.2.3.150,fes_4Fe_4S
4.2.3.150,mg
4.2.3.151,fes_4Fe_4S
4.2.3.151,mg
4.2.3.152,co
4.2.3.152,zn
4.3.1.2,v12
4.3.1.7,v12
4.3.1.13,plp
4.3.1.16,plp
4.3.1.16,mg
4.3.1.16,mn
4.3.1.17,fe
4.3.1.17,fes
4.3.1.18,plp
4.3.1.19,fe
4.3.1.19,fes
4.3.1.20,plp
4.3.1.20,mg
4.3.1.20,mn
4.3.1.27,ni
4.3.1.27,co
4.3.1.27,plp
4.3.1.27,mn
4.3.1.30,fes_4Fe_4S
4.3.99.3,fes_4Fe_4S
4.3.99.3,mg
4.4.1.2,plp
4.4.1.4,plp
4.4.1.6,plp
4.4.1.8,plp
4.4.1.10,plp
4.4.1.11,plp
4.4.1.13,plp
4.4.1.14,plp
4.4.1.16,plp
4.4.1.17,heme
4.4.1.19,mg
4.4.1.21,fe
4.4.1.23,zn
4.4.1.24,fe
4.4.1.25,plp
4.4.1.27,zn
4.5.1.2,plp
4.5.1.5,plp
4.6.1.12,mg
4.6.1.12,mn
4.6.1.15,co
4.6.1.15,mn
4.6.1.15,flavoprotein
4.7.1.1,fes_4Fe_4S
4.99.1.3,co
4.99.1.4,heme
4.99.1.5,heme
4.99.1.5,fe
4.99.1.7,heme
4.99.1.7,fe
5.1.1.1,plp
5.1.1.2,plp
5.1.1.3,plp
5.1.1.9,plp
5.1.1.10,plp
5.1.1.18,plp
5.1.3.30,co
5.1.3.31,mn
5.2.1.13,flavoprotein
5.3.1.3,mn
5.3.1.4,mn
5.3.1.5,mg
5.3.1.8,zn
5.3.1.25,mn
5.3.1.29,co
5.3.3.2,mg
5.3.3.2,mn
5.3.3.2,flavoprotein
5.3.3.12,zn
5.3.99.4,heme
5.3.99.5,heme
5.3.99.11,co
5.3.99.11,fe
5.3.99.11,mn
5.4.2.6,mg
5.4.2.12,co
5.4.2.12,mn
5.4.3.5,plp
5.4.3.9,fes_4Fe_4S
5.4.4.2,mg
5.4.4.5,heme
5.4.4.6,heme
5.4.4.7,fe
5.4.99.58,fes_4Fe_4S
5.4.99.60,co
5.4.99.61,co
5.5.1.1,mn
5.5.1.7,mn
5.5.1.8,mg
5.5.1.11,mn
5.5.1.14,mg
5.5.1.15,mg
5.5.1.16,mg
5.5.1.19,flavoprotein
5.5.1.22,mg
6.2.1.7,mg
6.2.1.33,mg
6.2.1.34,mg
6.2.1.44,mg
6.3.1.8,mg
6.3.1.18,mg
6.3.2.26,mg
6.3.2.29,mg
6.3.2.30,mg
6.3.2.38,mg
6.3.2.39,mg
6.3.2.45,mg
6.3.4.6,biotin
6.3.4.20,zn
6.3.4.24,co
6.3.4.24,mg
6.3.4.24,fe
6.3.4.24,mn
6.3.4.24,zn
6.3.5.9,co
6.3.5.10,mg
6.3.5.11,co
6.4.1.1,biotin
6.4.1.1,mn
6.4.1.1,zn
6.4.1.2,biotin
6.4.1.3,biotin
6.4.1.4,biotin
6.4.1.5,biotin
6.4.1.6,mg
6.4.1.7,biotin
6.4.1.7,mg
6.5.1.5,mg
6.6.1.2,co
